Group No,Group Name,Name,Sub Name,Repeater Call Sign,Gateway Call Sign,Frequency,Dup,Offset,Mode,TONE,Repeater Tone,RPT1USE,Position,Latitude,Longitude,UTC Offset
1,Africa,Pretoria,S-Africa,ZS6PTA C,ZS6PTA G,145.712500,DUP-,0.600000,DV,OFF,88.5Hz,YES,Approximate,-25.692333,28.242333,+2:00
2,Asia,Jakarta,DKI,YD0ZRD B,YD0ZRD G,434.200000,DUP-,4.000000,DV,OFF,88.5Hz,NO,Approximate,-6.220000,106.840000,+7:00
3,Australia,Melbourne,Victoria,VK3RMC B,VK3RMC G,438.125000,DUP-,5.400000,DV,OFF,88.5Hz,NO,Approximate,-38.002667,145.326833,+10:00
4,Canada,Quebec,Quebec,VE2RQT B,VE2RQT G,449.925000,DUP-,5.000000,DV,OFF,88.5Hz,NO,Approximate,46.779500,-71.275667,-5:00
4,Canada,Toronto,Ontario,VE3YYZ B,VE3YYZ G,442.700000,DUP+,5.000000,DV,OFF,88.5Hz,NO,Approximate,43.649000,-79.381333,-5:00
5,Europe Eastern,Sofia,Bulgaria,LZ0DAB B,LZ0DAB G,438.550000,DUP-,7.600000,DV,OFF,88.5Hz,YES,Approximate,42.637300,23.243900,+1:00
5,Europe Eastern,Praha,Czech,OK0HCS B,OK0HCS G,439.450000,DUP-,7.600000,DV,OFF,88.5Hz,YES,Approximate,50.082000,14.389167,+1:00
5,Europe Eastern,Budapest,Hungary,HG5RVD C,HG5RVD G,145.675000,DUP-,0.600000,DV,OFF,88.5Hz,YES,Approximate,47.498433,19.040750,+1:00
5,Europe Eastern,Warsaw,Poland,SR5UVA B,SR5UVA G,439.437500,DUP-,7.600000,DV,OFF,88.5Hz,YES,Approximate,52.232833,20.999167,+1:00
5,Europe Eastern,Timisoara,Romania,YO2Q   B,YO2Q   G,438.500000,DUP+,5.000000,DV,OFF,88.5Hz,YES,Approximate,45.768717,21.232267,+1:00
5,Europe Eastern,Moscow,Russia,RU3AWW B,RU3AWW G,434.806250,DUP+,5.000000,DV,OFF,88.5Hz,YES,Approximate,55.670000,37.620000,+4:00
5,Europe Eastern,Hradisko,Slovakia,OM0OAE B,OM0OAE G,438.925000,DUP-,7.600000,DV,OFF,88.5Hz,YES,Approximate,49.226167,18.681817,+1:00
5,Europe Eastern,Istanbul,Turkey,YM2KK  B,YM2KK  G,439.150000,DUP-,7.600000,DV,OFF,88.5Hz,YES,Approximate,40.942500,29.171500,+2:00
5,Europe Eastern,Uzhhorod,Ukraine,UR0DUA B,UR0DUA G,439.325000,DUP-,7.600000,DV,OFF,88.5Hz,YES,Approximate,48.618067,22.344417,+1:00
5,Europe Eastern,Uzhhorod,Ukraine,UR0DUA C,UR0DUA G,145.500000,DUP+,0.000000,DV,OFF,88.5Hz,YES,Approximate,48.618067,22.344417,+1:00
6,Europe Northern,Copenhagen,Denmark,OZ2REA B,OZ2REA G,434.937500,DUP-,2.000000,DV,OFF,88.5Hz,YES,Approximate,55.671833,12.523333,+1:00
6,Europe Northern,Espoo,Finland,OH2RCH C,OH2RCH G,145.687500,DUP-,0.600000,DV,OFF,88.5Hz,YES,Approximate,60.183300,24.750800,+2:00
6,Europe Northern,Reykjavik,Iceland,TF3RPI B,TF3RPI G,439.950000,DUP-,5.000000,DV,OFF,88.5Hz,YES,Approximate,63.977300,-21.635000,+1:00
6,Europe Northern,Oslo,Norway,LD1OT  B,LD1OT  G,434.575000,DUP-,2.000000,DV,OFF,88.5Hz,YES,Approximate,59.984833,10.668833,+1:00
6,Europe Northern,Bandhagen,Sweden,SM0R   B,SM0R   G,433.487500,DUP+,0.000000,DV,OFF,88.5Hz,YES,Approximate,59.260000,18.010000,+1:00
6,Europe Northern,Boras,Sweden,SG6BWX B,SG6BWX G,434.550000,DUP+,0.000000,DV,OFF,88.5Hz,YES,Approximate,57.724300,12.941000,+1:00
6,Europe Northern,Boras,Sweden,SG6BWX C,SG6BWX G,145.287500,DUP+,0.000000,DV,OFF,88.5Hz,YES,Approximate,57.724300,12.941000,+1:00
6,Europe Northern,Borlange,Sweden,SG4OUF B,SG4OUF G,434.487500,DUP+,0.000000,DV,OFF,88.5Hz,YES,Approximate,60.484367,15.433883,+1:00
6,Europe Northern,Borlange,Sweden,SG4UZM B,SG4UZM G,434.550000,DUP+,0.000000,DV,OFF,88.5Hz,YES,Approximate,60.500000,15.440000,+1:00
6,Europe Northern,Borlange,Sweden,SK4BW  B,SK4BW  G,434.900000,DUP-,2.000000,DV,OFF,88.5Hz,YES,Approximate,60.400000,15.460000,+1:00
6,Europe Northern,Borlange,Sweden,SK4BW  C,SK4BW  G,145.575000,DUP-,0.600000,DV,OFF,88.5Hz,YES,Approximate,60.400000,15.460000,+1:00
6,Europe Northern,Brattaasen,Sweden,SK3JR  B,SK3JR  G,434.562500,DUP-,2.000000,DV,OFF,88.5Hz,YES,Approximate,63.100000,14.590000,+1:00
6,Europe Northern,Eksharad,Sweden,SG4AXV B,SG4AXV G,434.800000,DUP+,0.000000,DV,OFF,88.5Hz,YES,Approximate,60.170000,13.490000,+1:00
6,Europe Northern,Enafors,Sweden,SG3IVF B,SG3IVF G,434.550000,DUP+,0.000000,DV,OFF,88.5Hz,YES,Approximate,63.290000,12.350000,+1:00
6,Europe Northern,Falun,Sweden,SG4KUH B,SG4KUH G,433.200000,DUP+,0.000000,DV,OFF,88.5Hz,YES,Approximate,60.580000,15.620000,+1:00
6,Europe Northern,Flen,Sweden,SK5UM  B,SK5UM  G,434.550000,DUP-,2.000000,DV,OFF,88.5Hz,YES,Approximate,59.057500,16.605167,+1:00
6,Europe Northern,Gladsax,Sweden,SK7RNQ C,SK7RNQ G,145.587500,DUP-,0.600000,DV,OFF,88.5Hz,YES,Approximate,55.560000,14.280000,+1:00
6,Europe Northern,Glanshammar,Sweden,SG4UOF C,SG4UOF G,145.337500,DUP-,0.000000,DV,OFF,88.5Hz,YES,Approximate,59.370000,15.430000,+1:00
6,Europe Northern,Glomslov,Sweden,SK7DS  B,SK7DS  G,434.512500,DUP-,2.000000,DV,OFF,88.5Hz,YES,Approximate,55.939300,12.817500,+1:00
6,Europe Northern,Gothenborg,Sweden,SK6RKI C,SK6RKI G,145.750000,DUP-,0.600000,DV,OFF,88.5Hz,YES,Approximate,57.689333,11.985500,+1:00
6,Europe Northern,Gothenburg,Sweden,SK6SA  B,SK6SA  G,434.512500,DUP-,2.000000,DV,OFF,88.5Hz,YES,Approximate,57.678500,11.979167,+1:00
6,Europe Northern,Hallandsasen,Sweden,SK7RQX C,SK7RQX G,145.575000,DUP-,0.600000,DV,OFF,88.5Hz,YES,Approximate,56.384200,12.941800,+1:00
6,Europe Northern,Halmstad,Sweden,SG6JWU B,SG6JWU G,433.475000,DUP+,0.000000,DV,OFF,88.5Hz,YES,Approximate,56.640000,12.920000,+1:00
6,Europe Northern,Halmstad,Sweden,SG6JWU C,SG6JWU G,145.337500,DUP+,0.000000,DV,OFF,88.5Hz,YES,Approximate,56.640000,12.920000,+1:00
6,Europe Northern,Haninge,Sweden,SG0BON B,SG0BON G,433.587500,DUP+,0.000000,DV,OFF,88.5Hz,YES,Approximate,59.180000,18.160000,+1:00
6,Europe Northern,Haninge,Sweden,SG0BON C,SG0BON G,145.337500,DUP+,0.000000,DV,OFF,88.5Hz,YES,Approximate,59.180000,18.160000,+1:00
6,Europe Northern,Huddinge,Sweden,SG0POH B,SG0POH G,433.587500,DUP+,0.000000,DV,OFF,88.5Hz,YES,Approximate,59.250000,17.960000,+1:00
6,Europe Northern,Huddinge,Sweden,SG0POH C,SG0POH G,145.412500,DUP+,0.000000,DV,OFF,88.5Hz,YES,Approximate,59.250000,17.960000,+1:00
6,Europe Northern,Hudiksvall,Sweden,SK3GA  B,SK3GA  G,433.450000,DUP+,0.000000,DV,OFF,88.5Hz,YES,Approximate,61.720000,17.120000,+1:00
6,Europe Northern,Karlskrona,Sweden,SK7B   C,SK7B   G,145.337500,DUP-,0.000000,DV,OFF,88.5Hz,YES,Approximate,56.208700,15.634300,+1:00
6,Europe Northern,Kristianstad,Sweden,SG7TIX B,SG7TIX G,433.337500,DUP+,0.000000,DV,OFF,88.5Hz,YES,Approximate,56.055667,14.282500,+1:00
6,Europe Northern,Krokom,Sweden,SG3BDM B,SG3BDM G,433.587500,DUP+,0.000000,DV,OFF,88.5Hz,YES,Approximate,63.190000,14.260000,+1:00
6,Europe Northern,Kungshult,Sweden,SG7BIK B,SG7BIK G,434.000000,DUP+,0.000000,DV,OFF,88.5Hz,YES,Approximate,55.000000,13.000000,+1:00
6,Europe Northern,Kvissleby,Sweden,SE3XCH C,SE3XCH G,145.362500,DUP-,0.000000,DV,OFF,88.5Hz,YES,Approximate,62.300200,17.363800,+1:00
6,Europe Northern,Lilla Essingen,Sweden,SG0YOS C,SG0YOS G,145.237500,DUP-,0.000000,DV,OFF,88.5Hz,YES,Approximate,59.322700,18.006800,+1:00
6,Europe Northern,Lund,Sweden,SK7RJL B,SK7RJL G,434.587500,DUP-,2.000000,DV,OFF,88.5Hz,YES,Approximate,55.730000,13.230000,+1:00
6,Europe Northern,Lysekil,Sweden,SK6IF  B,SK6IF  G,434.550000,DUP-,2.000000,DV,OFF,88.5Hz,YES,Approximate,58.290000,11.460000,+1:00
6,Europe Northern,Malmoe,Sweden,SK7DX  C,SK7DX  G,145.375000,DUP-,0.000000,DV,OFF,88.5Hz,YES,Approximate,55.600500,13.080000,+1:00
6,Europe Northern,Minnesberg,Sweden,SK7RDS C,SK7RDS G,145.568750,DUP-,0.600000,DV,OFF,88.5Hz,YES,Approximate,55.466700,13.216700,+1:00
6,Europe Northern,Minnesberg,Sweden,SK7ROQ C,SK7ROQ G,145.581250,DUP-,0.600000,DV,OFF,88.5Hz,YES,Approximate,55.466667,13.216667,+1:00
6,Europe Northern,Moheda,Sweden,SG7HZK C,SG7HZK G,145.362500,DUP-,0.600000,DV,OFF,88.5Hz,YES,Approximate,56.998800,14.584500,+1:00
6,Europe Northern,Mora,Sweden,SM4JDP C,SM4JDP G,145.662500,DUP-,0.600000,DV,OFF,88.5Hz,YES,Approximate,61.215333,14.552333,+1:00
6,Europe Northern,Norrkoping,Sweden,SK5BN  C,SK5BN  G,145.575000,DUP-,0.600000,DV,OFF,88.5Hz,YES,Approximate,58.580500,16.188333,+1:00
6,Europe Northern,Norrkoping,Sweden,SL5ZYT B,SL5ZYT G,434.525000,DUP-,2.000000,DV,OFF,88.5Hz,YES,Approximate,58.610000,16.110000,+1:00
6,Europe Northern,Ornskoldsvik,Sweden,SK3WH  B,SK3WH  G,433.400000,DUP+,0.000000,DV,OFF,88.5Hz,YES,Approximate,63.290000,18.820000,+1:00
6,Europe Northern,Ornskoldsvik,Sweden,SK3WH  C,SK3WH  G,145.237500,DUP-,0.000000,DV,OFF,88.5Hz,YES,Approximate,63.290000,18.820000,+1:00
6,Europe Northern,Orrhammar,Sweden,SG5TAH B,SG5TAH G,433.600000,DUP-,0.000000,DV,OFF,88.5Hz,YES,Approximate,59.080000,16.560000,+1:00
6,Europe Northern,Segeltorp,Sweden,SK0AI  B,SK0AI  G,433.462500,DUP-,0.000000,DV,OFF,88.5Hz,YES,Approximate,59.270000,17.930000,+1:00
6,Europe Northern,Soderhamn,Sweden,SK3XX  B,SK3XX  G,434.525000,DUP-,2.000000,DV,OFF,88.5Hz,YES,Approximate,61.314200,17.111300,+1:00
6,Europe Northern,Sodertalje,Sweden,SG0BAB B,SG0BAB G,433.012500,DUP+,0.000000,DV,OFF,88.5Hz,YES,Approximate,59.210000,17.630000,+1:00
6,Europe Northern,Stenungsund,Sweden,SK6QA  B,SK6QA  G,434.537500,DUP-,2.000000,DV,OFF,88.5Hz,YES,Approximate,58.060000,11.820000,+1:00
6,Europe Northern,Stockholm,Sweden,SE0YOS C,SE0YOS G,145.237500,DUP-,0.000000,DV,OFF,88.5Hz,YES,Approximate,59.325800,18.006300,+1:00
6,Europe Northern,Stockholm,Sweden,SG0CDE B,SG0CDE G,433.587500,DUP+,0.000000,DV,OFF,88.5Hz,YES,Approximate,59.290000,17.980000,+1:00
6,Europe Northern,Stockholm,Sweden,SG0CDE C,SG0CDE G,145.462500,DUP+,0.000000,DV,OFF,88.5Hz,YES,Approximate,59.290000,17.980000,+1:00
6,Europe Northern,Stockholm,Sweden,SK0MQ  C,SK0MQ  G,145.587500,DUP-,0.600000,DV,OFF,88.5Hz,YES,Approximate,59.332667,18.065167,+1:00
6,Europe Northern,Storvik,Sweden,SG3UXV B,SG3UXV G,433.425000,DUP+,0.000000,DV,OFF,88.5Hz,YES,Approximate,60.586000,16.519500,+1:00
6,Europe Northern,Sundsvall,Sweden,SK3BG  B,SK3BG  G,434.975000,DUP-,2.000000,DV,OFF,88.5Hz,YES,Approximate,62.287500,17.448500,+1:00
6,Europe Northern,Sunne,Sweden,SG4AXQ B,SG4AXQ G,434.800000,DUP+,0.000000,DV,OFF,88.5Hz,YES,Approximate,59.880000,13.190000,+1:00
6,Europe Northern,Taeby,Sweden,SB0K   B,SB0K   G,434.537500,DUP-,2.000000,DV,OFF,88.5Hz,YES,Approximate,59.455833,18.069000,+1:00
6,Europe Northern,Torshalla,Sweden,SG5BUM B,SG5BUM G,433.600000,DUP-,0.000000,DV,OFF,88.5Hz,YES,Approximate,59.400000,16.480000,+1:00
6,Europe Northern,Tossberg,Sweden,SK4NI  B,SK4NI  G,434.900000,DUP-,2.000000,DV,OFF,88.5Hz,YES,Approximate,59.984333,13.081667,+1:00
6,Europe Northern,Tossebergsklatte,Sweden,SK4NI  C,SK4NI  G,145.762500,DUP-,0.600000,DV,OFF,88.5Hz,YES,Approximate,59.984333,13.081667,+1:00
6,Europe Northern,Trollhattan,Sweden,SL6ZD  B,SL6ZD  G,433.400000,DUP+,0.000000,DV,OFF,88.5Hz,YES,Approximate,58.270000,12.280000,+1:00
6,Europe Northern,Tving,Sweden,SG7CDJ B,SG7CDJ G,434.212500,DUP+,0.000000,DV,OFF,88.5Hz,YES,Approximate,56.300000,15.460000,+1:00
6,Europe Northern,Tyreso,Sweden,SE0E   C,SE0E   G,145.337500,DUP-,0.000000,DV,OFF,88.5Hz,YES,Approximate,59.240333,18.206167,+1:00
6,Europe Northern,Tyreso,Sweden,SK0JS  B,SK0JS  G,433.462500,DUP+,0.000000,DV,OFF,88.5Hz,YES,Approximate,59.240000,18.280000,+1:00
6,Europe Northern,Umea,Sweden,SK2AT  B,SK2AT  G,434.975000,DUP-,2.000000,DV,OFF,88.5Hz,YES,Approximate,63.838500,20.157800,+1:00
6,Europe Northern,Upplands Vasby,Sweden,SB0X   B,SB0X   G,433.575000,DUP+,0.000000,DV,OFF,88.5Hz,YES,Approximate,59.510000,17.920000,+1:00
6,Europe Northern,Vargarda,Sweden,SK6DZ  C,SK6DZ  G,145.662500,DUP-,0.600000,DV,OFF,88.5Hz,YES,Approximate,58.030000,12.830000,+1:00
6,Europe Northern,Varobacka,Sweden,SK6EP  B,SK6EP  G,434.837500,DUP+,2.000000,DV,OFF,88.5Hz,YES,Approximate,57.250000,12.130000,+1:00
6,Europe Northern,Vaxjo,Sweden,SK7HW  B,SK7HW  G,434.700000,DUP-,2.000000,DV,OFF,88.5Hz,YES,Approximate,56.871167,14.864500,+1:00
7,Europe Southern,Nicosia City,Cyprus,5B4CY  C,5B4CY  G,145.625000,DUP-,0.600000,DV,OFF,88.5Hz,YES,Approximate,34.938000,32.860000,+2:00
7,Europe Southern,Lisbon,Portugal,CQ0DLX B,CQ0DLX G,438.550000,DUP-,7.600000,DV,OFF,88.5Hz,YES,Approximate,38.709167,-9.140333,+1:00
7,Europe Southern,Castellar del Va,Spain,EA3RCC B,EA3RCC G,438.475000,DUP-,7.600000,DV,OFF,88.5Hz,YES,Approximate,41.634667,2.085167,+1:00
7,Europe Southern,Cuenca,Spain,EA4Q   B,EA4Q   G,438.375000,DUP-,7.600000,DV,OFF,88.5Hz,YES,Approximate,40.078333,-2.148333,+1:00
7,Europe Southern,Karlsbad,Spain,EA5BIV B,EA5BIV G,437.975000,DUP-,7.600000,DV,OFF,88.5Hz,YES,Approximate,48.910000,8.520000,+1:00
7,Europe Southern,Karlsbad,Spain,EA5BIV C,EA5BIV G,145.762500,DUP-,0.600000,DV,OFF,88.5Hz,YES,Approximate,48.910000,8.520000,+1:00
7,Europe Southern,Denia,Spain,EA5DW  B,EA5DW  G,437.000000,DUP-,7.600000,DV,OFF,88.5Hz,YES,Approximate,38.830000,0.100000,+1:00
7,Europe Southern,Castellon,Spain,EA5RKD B,EA5RKD G,438.525000,DUP-,7.600000,DV,OFF,88.5Hz,YES,Approximate,40.085300,0.031700,+1:00
7,Europe Southern,Ourense,Spain,ED1YBK B,ED1YBK G,438.250000,DUP-,7.600000,DV,OFF,88.5Hz,YES,Approximate,42.358500,-7.829700,+1:00
7,Europe Southern,Ourense,Spain,ED1YBK C,ED1YBK G,145.787500,DUP-,0.600000,DV,OFF,88.5Hz,YES,Approximate,42.358500,-7.829700,+1:00
7,Europe Southern,Salamanca,Spain,ED1ZAB B,ED1ZAB G,438.300000,DUP-,7.600000,DV,OFF,88.5Hz,YES,Approximate,40.949800,-5.668300,+1:00
7,Europe Southern,Verin-Ourense,Spain,ED1ZAJ B,ED1ZAJ G,438.325000,DUP-,7.600000,DV,OFF,88.5Hz,YES,Approximate,41.904200,7.463000,+1:00
7,Europe Southern,Burgos,Spain,ED1ZAK B,ED1ZAK G,438.650000,DUP+,7.600000,DV,OFF,88.5Hz,YES,Approximate,42.310000,-3.670000,+1:00
7,Europe Southern,Burgos,Spain,ED1ZAK C,ED1ZAK G,144.975000,DUP+,0.000000,DV,OFF,88.5Hz,YES,Approximate,42.310000,-3.670000,+1:00
7,Europe Southern,Bizkaia,Spain,ED2YAE B,ED2YAE G,438.250000,DUP-,0.000000,DV,OFF,88.5Hz,YES,Approximate,43.294200,-3.050800,+1:00
7,Europe Southern,Ganeta,Spain,ED2YAO C,ED2YAO G,145.575000,DUP-,0.000000,DV,OFF,88.5Hz,YES,Approximate,43.214800,-2.942000,+1:00
7,Europe Southern,Zaragoza,Spain,ED2ZAA B,ED2ZAA G,438.350000,DUP-,7.600000,DV,OFF,88.5Hz,YES,Approximate,41.634667,-0.899667,+1:00
7,Europe Southern,Irun/Gipuzkoa,Spain,ED2ZAB C,ED2ZAB G,145.775000,DUP-,0.600000,DV,OFF,88.5Hz,YES,Approximate,43.328000,-1.761667,+1:00
7,Europe Southern,Barcelona,Spain,ED3YAK C,ED3YAK G,145.650000,DUP-,0.600000,DV,OFF,88.5Hz,YES,Approximate,41.362833,2.164733,+1:00
7,Europe Southern,Madrid,Spain,ED4YAG B,ED4YAG G,438.350000,DUP-,7.600000,DV,OFF,88.5Hz,YES,Approximate,40.390667,-3.671000,+1:00
7,Europe Southern,Valencia,Spain,ED5ZAB B,ED5ZAB G,438.200000,DUP-,7.600000,DV,OFF,88.5Hz,YES,Approximate,39.691333,-0.400000,+1:00
7,Europe Southern,Denia,Spain,ED5ZAC B,ED5ZAC G,438.300000,DUP-,7.600000,DV,OFF,88.5Hz,YES,Approximate,38.843000,0.107333,+1:00
7,Europe Southern,Algaida,Spain,ED6ZAB B,ED6ZAB G,438.450000,DUP-,7.600000,DV,OFF,88.5Hz,YES,Approximate,39.515000,2.921667,+1:00
7,Europe Southern,Bunyola,Spain,ED6ZAC C,ED6ZAC G,145.625000,DUP-,0.600000,DV,OFF,88.5Hz,YES,Approximate,39.736000,2.708333,+1:00
7,Europe Southern,Malaga,Spain,ED7ZAC B,ED7ZAC G,438.450000,DUP-,7.600000,DV,OFF,88.5Hz,YES,Approximate,36.604200,-4.625000,+1:00
7,Europe Southern,Cordoba,Spain,ED7ZAD B,ED7ZAD G,438.525000,DUP-,7.600000,DV,OFF,88.5Hz,YES,Approximate,37.947000,-4.809700,+1:00
7,Europe Southern,Las Palmas,Spain,ED8ZAB B,ED8ZAB G,438.462500,DUP-,7.600000,DV,OFF,88.5Hz,YES,Approximate,27.960000,-15.570000,0:00
7,Europe Southern,Las Palmas,Spain,ED8ZAB C,ED8ZAB G,144.900000,DUP+,0.000000,DV,OFF,88.5Hz,YES,Approximate,27.960000,-15.570000,0:00
7,Europe Southern,Nova Gorica,Slovenia,S55DGO B,S55DGO G,438.500000,DUP-,7.600000,DV,OFF,88.5Hz,YES,Approximate,45.857833,13.704000,+1:00
7,Europe Southern,Ljubljana,Slovenia,S55DLJ B,S55DLJ G,438.200000,DUP-,7.600000,DV,OFF,88.5Hz,YES,Approximate,46.029500,14.653667,+1:00
7,Europe Southern,Maribor,Slovenia,S55DMX B,S55DMX G,439.200000,DUP-,7.600000,DV,OFF,88.5Hz,YES,Approximate,46.516333,15.591667,+1:00
7,Europe Southern,Athens,Greece,SV1P   B,SV1P   G,439.425000,DUP-,7.600000,DV,OFF,88.5Hz,YES,Approximate,37.950833,23.815500,+2:00
7,Europe Southern,San Marino,SM,T79DV  B,T79DV  G,431.487500,DUP+,1.600000,DV,OFF,88.5Hz,YES,Approximate,43.936167,12.448000,+1:00
8,Europe Western,Valenciennes,France,F1ZBE  B,F1ZBE  G,433.025000,DUP-,1.600000,DV,OFF,88.5Hz,YES,Approximate,50.360000,3.500300,+1:00
8,Europe Western,Allevard,France,F1ZCD  B,F1ZCD  G,434.625000,DUP+,0.000000,DV,OFF,88.5Hz,YES,Approximate,45.397100,6.077300,+1:00
8,Europe Western,Briancon,France,F1ZDF  B,F1ZDF  G,439.350000,DUP-,7.600000,DV,OFF,88.5Hz,YES,Approximate,44.911800,6.645200,+1:00
8,Europe Western,Briancon,France,F1ZDF  C,F1ZDF  G,145.262500,DUP+,0.000000,DV,OFF,88.5Hz,YES,Approximate,44.911800,6.645200,+1:00
8,Europe Western,LYON,France,F1ZDI  C,F1ZDI  G,145.262500,DUP-,0.000000,DV,OFF,88.5Hz,YES,Approximate,45.733800,4.836900,+1:00
8,Europe Western,Vaux Le Penil,France,F1ZDW  B,F1ZDW  G,430.262500,DUP+,9.400000,DV,OFF,88.5Hz,YES,Approximate,48.708717,2.866767,+1:00
8,Europe Western,Haguenau,France,F1ZDZ  B,F1ZDZ  G,430.375000,DUP+,9.400000,DV,OFF,88.5Hz,YES,Approximate,48.822033,7.803450,+1:00
8,Europe Western,Nancy,France,F1ZET  B,F1ZET  G,439.400000,DUP-,7.600000,DV,OFF,88.5Hz,YES,Approximate,48.654467,6.107200,+1:00
8,Europe Western,Nancy,France,F1ZET  C,F1ZET  G,145.262500,DUP+,0.000000,DV,OFF,88.5Hz,YES,Approximate,48.654467,6.107200,+1:00
8,Europe Western,Courbevoie,France,F1ZPL  B,F1ZPL  G,430.262500,DUP+,9.400000,DV,OFF,88.5Hz,YES,Approximate,48.880000,2.362000,+1:00
8,Europe Western,Courbevoie,France,F1ZPL  C,F1ZPL  G,145.512500,DUP-,0.600000,DV,OFF,88.5Hz,YES,Approximate,48.880000,2.362000,+1:00
8,Europe Western,Neuilly-sur-Sein,France,F1ZPQ  B,F1ZPQ  G,439.962500,DUP-,9.400000,DV,OFF,88.5Hz,YES,Approximate,48.907183,2.251300,+1:00
8,Europe Western,Le Larmont,France,F5ZCV  B,F5ZCV  G,443.500000,DUP+,0.000000,DV,OFF,88.5Hz,YES,Approximate,46.896383,6.395817,+1:00
8,Europe Western,Monneville,France,F5ZFY  B,F5ZFY  G,439.912500,DUP-,9.400000,DV,OFF,88.5Hz,YES,Approximate,49.209700,1.970500,+1:00
8,Europe Western,Geneva,Switzerl,HB9AR  B,HB9AR  G,439.325000,DUP-,7.600000,DV,OFF,88.5Hz,YES,Approximate,46.190833,6.118833,+1:00
8,Europe Western,Rumelange,Luxembou,LX0DRR B,LX0DRR G,430.400000,DUP+,5.000000,DV,OFF,88.5Hz,YES,Approximate,49.458200,5.997200,+1:00
8,Europe Western,Vienna,Austria,OE1XDS B,OE1XDS G,438.525000,DUP-,7.600000,DV,OFF,88.5Hz,YES,Approximate,48.220333,16.346500,+1:00
8,Europe Western,Brussels,Belgium,ON0TVA B,ON0TVA G,439.512500,DUP-,7.600000,DV,OFF,88.5Hz,YES,Approximate,50.761333,3.568333,+1:00
9,Germany,Arberg/Frankisch,Bavaria,DB0AB  B,DB0AB  G,439.450000,DUP-,7.600000,DV,OFF,88.5Hz,YES,Approximate,49.140500,10.625333,+1:00
9,Germany,Bamberg,Bavaria,DB0ADB B,DB0ADB G,439.550000,DUP-,7.600000,DV,OFF,88.5Hz,YES,Approximate,49.887667,10.859833,+1:00
9,Germany,Neustadt,Hesse,DB0ADN A,DB0ADN G,145.850000,DUP+,0.000000,DV,OFF,88.5Hz,YES,Approximate,50.850300,9.102200,+1:00
9,Germany,Neustadt,Hesse,DB0ADN B,DB0ADN G,430.375000,DUP+,0.000000,DV,OFF,88.5Hz,YES,Approximate,50.850300,9.102200,+1:00
9,Germany,Neustadt,Hesse,DB0ADN C,DB0ADN G,145.587500,DUP-,0.600000,DV,OFF,88.5Hz,YES,Approximate,50.850300,9.102200,+1:00
9,Germany,DARC HQ in Bauna,Hesse,DB0AFZ B,DB0AFZ G,439.475000,DUP-,7.600000,DV,OFF,88.5Hz,YES,Approximate,51.266833,9.426833,+1:00
9,Germany,Tangermunde,Saxony-A,DB0AMK A,DB0AMK G,145.850000,DUP+,0.000000,DV,OFF,88.5Hz,YES,Approximate,52.540800,11.967300,+1:00
9,Germany,Tangermunde,Saxony-A,DB0AMK B,DB0AMK G,439.450000,DUP-,7.600000,DV,OFF,88.5Hz,YES,Approximate,52.540800,11.967300,+1:00
9,Germany,Tangermunde,Saxony-A,DB0AMK C,DB0AMK G,145.587500,DUP-,0.600000,DV,OFF,88.5Hz,YES,Approximate,52.540800,11.967300,+1:00
9,Germany,Bremerhaven,Bremen,DB0BHN B,DB0BHN G,439.537500,DUP-,7.600000,DV,OFF,88.5Hz,YES,Approximate,53.548500,8.579333,+1:00
9,Germany,Bad Berleburg,North Rh,DB0BLB A,DB0BLB G,145.850000,DUP+,0.000000,DV,OFF,88.5Hz,YES,Approximate,51.051583,8.392600,+1:00
9,Germany,Bad Berleburg,North Rh,DB0BLB B,DB0BLB G,439.537500,DUP-,7.600000,DV,OFF,88.5Hz,YES,Approximate,51.051583,8.392600,+1:00
9,Germany,Bad Berleburg,North Rh,DB0BLB C,DB0BLB G,145.575000,DUP+,0.000000,DV,OFF,88.5Hz,YES,Approximate,51.051583,8.392600,+1:00
9,Germany,Boellstein,Hesse,DB0BOS B,DB0BOS G,439.512500,DUP-,7.600000,DV,OFF,88.5Hz,YES,Approximate,49.743167,8.921000,+1:00
9,Germany,Bochum,North Rh,DB0BS  B,DB0BS  G,439.450000,DUP-,7.600000,DV,OFF,88.5Hz,YES,Approximate,51.514000,7.255000,+1:00
9,Germany,Buxtehude,Lower Sa,DB0BUX A,DB0BUX G,145.850000,DUP+,0.000000,DV,OFF,88.5Hz,YES,Approximate,53.469200,9.686200,+1:00
9,Germany,Buxtehude,Lower Sa,DB0BUX B,DB0BUX G,438.587500,DUP+,7.600000,DV,OFF,88.5Hz,YES,Approximate,53.469200,9.686200,+1:00
9,Germany,Buxtehude,Lower Sa,DB0BUX C,DB0BUX G,145.587500,DUP-,0.600000,DV,OFF,88.5Hz,YES,Approximate,53.469200,9.686200,+1:00
9,Germany,Cuxhaven,Lower Sa,DB0CHV B,DB0CHV G,439.550000,DUP-,7.600000,DV,OFF,88.5Hz,YES,Approximate,53.850000,8.670000,+1:00
9,Germany,Schramberg-Sulge,Baden-Wu,DB0CI  B,DB0CI  G,439.500000,DUP-,7.600000,DV,OFF,88.5Hz,YES,Approximate,48.218300,8.414500,+1:00
9,Germany,Friedrichshafen,Baden-Wu,DB0COM B,DB0COM G,439.475000,DUP-,7.600000,DV,OFF,88.5Hz,YES,Approximate,47.678400,9.506000,+1:00
9,Germany,Gummersbach,North Rh,DB0CW  B,DB0CW  G,439.493750,DUP-,7.600000,DV,OFF,88.5Hz,YES,Approximate,51.039500,7.457333,+1:00
9,Germany,Steinau a.d.Stra,Hesse,DB0CWS B,DB0CWS G,439.500000,DUP-,7.600000,DV,OFF,88.5Hz,YES,Approximate,50.314500,9.434500,+1:00
9,Germany,Dammer Berge,Baden-Wu,DB0DAM B,DB0DAM G,439.525000,DUP-,7.600000,DV,OFF,88.5Hz,YES,Approximate,52.558167,8.211000,+1:00
9,Germany,Hochblauen,Baden-Wu,DB0DB  B,DB0DB  G,439.587500,DUP-,7.600000,DV,OFF,88.5Hz,YES,Approximate,50.682000,7.248333,+1:00
9,Germany,Bonn / Koln am R,North Rh,DB0DBN B,DB0DBN G,439.531250,DUP-,7.600000,DV,OFF,88.5Hz,YES,Approximate,50.682000,7.248333,+1:00
9,Germany,Essen,North Rh,DB0DDE B,DB0DDE G,439.537500,DUP-,7.600000,DV,OFF,88.5Hz,YES,Approximate,51.461500,7.027000,+1:00
9,Germany,Dortmund,North Rh,DB0DDO C,DB0DDO G,145.725000,DUP-,0.600000,DV,OFF,88.5Hz,YES,Approximate,51.475000,7.437500,+1:00
9,Germany,Berlin,Berlin,DB0DF  B,DB0DF  G,439.462500,DUP-,7.600000,DV,OFF,88.5Hz,YES,Approximate,52.535500,13.485500,+1:00
9,Germany,Karlsbad,Baden-Wu,DB0DJ  B,DB0DJ  G,439.500000,DUP-,7.600000,DV,OFF,88.5Hz,YES,Approximate,48.878333,8.507500,+1:00
9,Germany,Karlsbad,Baden-Wu,DB0DJ  C,DB0DJ  G,145.762500,DUP-,0.600000,DV,OFF,88.5Hz,YES,Approximate,48.878333,8.507500,+1:00
9,Germany,Laboe,Schleswi,DB0DMB B,DB0DMB G,438.325000,DUP-,7.600000,DV,OFF,88.5Hz,YES,Approximate,54.412200,10.230700,+1:00
9,Germany,Laboe,Schleswi,DB0DMB C,DB0DMB G,145.587500,DUP-,0.600000,DV,OFF,88.5Hz,YES,Approximate,54.412200,10.230700,+1:00
9,Germany,Donauwoerth,Bavaria,DB0DON B,DB0DON G,439.468750,DUP-,7.600000,DV,OFF,88.5Hz,YES,Approximate,48.733333,10.786833,+1:00
9,Germany,Doerenberg,Baden-Wu,DB0DOS B,DB0DOS G,439.456250,DUP-,7.600000,DV,OFF,88.5Hz,YES,Approximate,52.183333,8.050000,+1:00
9,Germany,Trier,Rhinelan,DB0DTR B,DB0DTR G,439.487500,DUP-,7.600000,DV,OFF,88.5Hz,YES,Approximate,49.776700,6.580000,+1:00
9,Germany,Trier,Rhinelan,DB0DTR C,DB0DTR G,438.400000,DUP-,7.600000,DV,OFF,88.5Hz,YES,Approximate,49.776700,6.580000,+1:00
9,Germany,Dusseldorf,North Rh,DB0DZ  C,DB0DZ  G,145.687500,DUP-,0.600000,DV,OFF,88.5Hz,YES,Approximate,51.221300,6.771700,+1:00
9,Germany,Ellerhoop,Schleswi,DB0EAT B,DB0EAT G,438.400000,DUP-,7.600000,DV,OFF,88.5Hz,YES,Approximate,53.727000,9.767000,+1:00
9,Germany,Ellerhoop,Schleswi,DB0EAT C,DB0EAT G,145.575000,DUP+,0.000000,DV,OFF,88.5Hz,YES,Approximate,53.727000,9.767000,+1:00
9,Germany,Emsland / Soegel,Baden-Wu,DB0ELD B,DB0ELD G,439.587500,DUP-,7.600000,DV,OFF,88.5Hz,YES,Approximate,52.851667,7.521833,+1:00
9,Germany,Erkelenz,North Rh,DB0ERK B,DB0ERK G,439.456250,DUP-,7.600000,DV,OFF,88.5Hz,YES,Approximate,51.122000,6.201500,+1:00
9,Germany,Auersberg,Saxony,DB0ERZ B,DB0ERZ G,439.525000,DUP-,7.600000,DV,OFF,88.5Hz,YES,Approximate,50.456200,12.646800,+1:00
9,Germany,Allgaeu,Bavaria,DB0ESS B,DB0ESS G,439.512500,DUP-,7.600000,DV,OFF,88.5Hz,YES,Approximate,47.553333,10.316667,+1:00
9,Germany,Allgaeu,Bavaria,DB0ESS C,DB0ESS G,145.762500,DUP-,0.600000,DV,OFF,88.5Hz,YES,Approximate,47.553333,10.316667,+1:00
9,Germany,Feuchtwangen,Bavaria,DB0FEU B,DB0FEU G,439.500000,DUP-,7.600000,DV,OFF,88.5Hz,YES,Approximate,49.166667,10.333317,+1:00
9,Germany,Wolfenbuettel,Lower Sa,DB0FHW B,DB0FHW G,439.487500,DUP-,7.600000,DV,OFF,88.5Hz,YES,Approximate,52.178333,10.559833,+1:00
9,Germany,Flugplatz Freibu,Baden-Wu,DB0FRB B,DB0FRB G,439.500000,DUP+,0.000000,DV,OFF,88.5Hz,YES,Approximate,48.019300,7.838500,+1:00
9,Germany,Flugplatz Freibu,Baden-Wu,DB0FRB C,DB0FRB G,144.625000,DUP+,0.000000,DV,OFF,88.5Hz,YES,Approximate,48.019300,7.838500,+1:00
9,Germany,HH Lokstedt,Hamburg,DB0FS  B,DB0FS  G,439.562500,DUP+,7.600000,DV,OFF,88.5Hz,YES,Approximate,53.599400,9.965100,+1:00
9,Germany,Suhl Erleshuegel,Thuringi,DB0FTS B,DB0FTS G,438.537500,DUP-,7.600000,DV,OFF,88.5Hz,YES,Approximate,50.612500,10.745300,+1:00
9,Germany,Schweinfurt,Bavaria,DB0FWS B,DB0FWS G,439.537500,DUP-,7.600000,DV,OFF,88.5Hz,YES,Approximate,50.044333,10.210167,+1:00
9,Germany,Hatten,Lower Sa,DB0FZH B,DB0FZH G,439.500000,DUP-,7.600000,DV,OFF,88.5Hz,YES,Approximate,53.027200,8.331300,+1:00
9,Germany,Gummersbach,North Rh,DB0GM  B,DB0GM  G,438.450000,DUP+,7.600000,DV,OFF,88.5Hz,YES,Approximate,50.976500,7.516000,+1:00
9,Germany,Gummersbach,North Rh,DB0GM  C,DB0GM  G,144.625000,DUP+,0.000000,DV,OFF,88.5Hz,YES,Approximate,50.976500,7.516000,+1:00
9,Germany,Hagen,North Rh,DB0HAA B,DB0HAA G,439.587500,DUP-,7.600000,DV,OFF,88.5Hz,YES,Approximate,51.362367,7.463167,+1:00
9,Germany,Zeil am Main,Baden-Wu,DB0HAS B,DB0HAS G,439.975000,DUP-,9.400000,DV,OFF,88.5Hz,YES,Approximate,50.013700,10.591000,+1:00
9,Germany,Zeil am Main,Baden-Wu,DB0HAS C,DB0HAS G,144.850000,DUP-,0.000000,DV,OFF,88.5Hz,YES,Approximate,50.013700,10.591000,+1:00
9,Germany,Neuhaus,Bavaria,DB0HCC B,DB0HCC G,438.575000,DUP-,7.600000,DV,OFF,88.5Hz,YES,Approximate,53.815200,9.035000,+1:00
9,Germany,Hermsdorf,North Rh,DB0HDF B,DB0HDF G,439.850000,DUP-,9.400000,DV,OFF,88.5Hz,YES,Approximate,50.907833,11.852833,+1:00
9,Germany,Herford,North Rh,DB0HFD B,DB0HFD G,438.525000,DUP-,7.600000,DV,OFF,88.5Hz,YES,Approximate,52.140000,8.720000,+1:00
9,Germany,Bremen,Bremen,DB0HFT B,DB0HFT G,439.487500,DUP-,7.600000,DV,OFF,88.5Hz,YES,Approximate,53.072500,8.793500,+1:00
9,Germany,Greifswald,Mecklenb,DB0HGW B,DB0HGW G,439.475000,DUP-,7.600000,DV,OFF,88.5Hz,YES,Approximate,54.095500,13.377000,+1:00
9,Germany,Greifswald,Mecklenb,DB0HGW C,DB0HGW G,144.625000,DUP+,0.000000,DV,OFF,88.5Hz,YES,Approximate,54.095500,13.377000,+1:00
9,Germany,Gr.Feldberg/Fran,Hesse,DB0HRF B,DB0HRF G,439.450000,DUP-,7.600000,DV,OFF,88.5Hz,YES,Approximate,50.232000,8.458000,+1:00
9,Germany,Hoher Meissner/K,Hesse,DB0HRM B,DB0HRM G,439.525000,DUP-,7.600000,DV,OFF,88.5Hz,YES,Approximate,51.208000,9.846500,+1:00
9,Germany,Rimberg / Bad He,Hesse,DB0HRR C,DB0HRR G,145.700000,DUP-,0.600000,DV,OFF,88.5Hz,YES,Approximate,50.797500,9.461167,+1:00
9,Germany,Meschede,North Rh,DB0HSK B,DB0HSK G,439.506250,DUP-,7.600000,DV,OFF,88.5Hz,YES,Approximate,51.388333,8.285833,+1:00
9,Germany,Husum,Schleswi,DB0HUS B,DB0HUS G,438.425000,DUP-,7.600000,DV,OFF,88.5Hz,YES,Approximate,54.487700,9.048800,+1:00
9,Germany,Husum,Schleswi,DB0HUS C,DB0HUS G,145.700000,DUP-,0.600000,DV,OFF,88.5Hz,YES,Approximate,54.487700,9.048800,+1:00
9,Germany,Bad Soden,Hesse,DB0ICM B,DB0ICM G,439.975000,DUP-,9.400000,DV,OFF,88.5Hz,YES,Approximate,50.137833,8.511500,+1:00
9,Germany,Goettelborn,Saarland,DB0IKS B,DB0IKS G,439.462500,DUP-,7.600000,DV,OFF,88.5Hz,YES,Approximate,49.343667,7.038333,+1:00
9,Germany,Handewitt,Schleswi,DB0IR  B,DB0IR  G,438.300000,DUP-,7.600000,DV,OFF,88.5Hz,YES,Approximate,54.733800,9.340200,+1:00
9,Germany,Handewitt,Schleswi,DB0IR  C,DB0IR  G,144.950000,DUP+,0.000000,DV,OFF,88.5Hz,YES,Approximate,54.733800,9.340200,+1:00
9,Germany,Itzehoe,Baden-Wu,DB0IZ  B,DB0IZ  G,439.462500,DUP-,7.600000,DV,OFF,88.5Hz,YES,Approximate,53.871833,9.492833,+1:00
9,Germany,Cologne,North Rh,DB0KOE C,DB0KOE G,144.937500,DUP+,0.000000,DV,OFF,88.5Hz,YES,Approximate,50.930000,6.950000,+1:00
9,Germany,Kuhlungsborn,Mecklenb,DB0KUE B,DB0KUE G,430.400000,DUP+,0.000000,DV,OFF,88.5Hz,YES,Approximate,54.120000,11.690000,+1:00
9,Germany,Kuhlungsborn,Mecklenb,DB0KUE C,DB0KUE G,145.700000,DUP-,0.600000,DV,OFF,88.5Hz,YES,Approximate,54.120000,11.690000,+1:00
9,Germany,Ludwigsburg,Baden-Wu,DB0LBX B,DB0LBX G,439.550000,DUP-,7.600000,DV,OFF,88.5Hz,YES,Approximate,48.882833,9.189333,+1:00
9,Germany,Leonberg,Baden-Wu,DB0LEO B,DB0LEO G,145.575000,DUP+,0.000000,DV,OFF,88.5Hz,YES,Approximate,48.796083,9.009550,+1:00
9,Germany,Leonberg,Baden-Wu,DB0LEO C,DB0LEO G,145.575000,DUP+,0.000000,DV,OFF,88.5Hz,YES,Approximate,48.796083,9.009550,+1:00
9,Germany,Leer,Hesse,DB0LER B,DB0LER G,439.450000,DUP-,7.600000,DV,OFF,88.5Hz,YES,Approximate,53.264000,7.436333,+1:00
9,Germany,Kruft,Baden-Wu,DB0LJ  B,DB0LJ  G,439.825000,DUP-,9.400000,DV,OFF,88.5Hz,YES,Approximate,50.388300,7.341000,+1:00
9,Germany,Lychen,Brandenb,DB0LY  B,DB0LY  G,439.500000,DUP-,7.000000,DV,OFF,88.5Hz,YES,Approximate,53.214900,13.306317,+1:00
9,Germany,Taunus,Hesse,DB0MOT B,DB0MOT G,439.437500,DUP-,7.600000,DV,OFF,88.5Hz,YES,Approximate,50.220000,8.440000,+1:00
9,Germany,Taunus,Hesse,DB0MOT C,DB0MOT G,145.700000,DUP-,0.600000,DV,OFF,88.5Hz,YES,Approximate,50.220000,8.440000,+1:00
9,Germany,Gaensehals,Rhinelan,DB0MYK B,DB0MYK G,439.562500,DUP-,7.600000,DV,OFF,88.5Hz,YES,Approximate,50.396833,7.205000,+1:00
9,Germany,Marl,North Rh,DB0NG  B,DB0NG  G,439.575000,DUP-,7.600000,DV,OFF,88.5Hz,YES,Approximate,51.684500,7.100000,+1:00
9,Germany,Nideggen,North Rh,DB0NIS B,DB0NIS G,438.475000,DUP-,7.600000,DV,OFF,88.5Hz,YES,Approximate,50.690000,6.480000,+1:00
9,Germany,Ortenau,Baden-Wu,DB0ORT B,DB0ORT G,439.506250,DUP-,7.600000,DV,OFF,88.5Hz,YES,Approximate,48.557800,8.103300,+1:00
9,Germany,Meerbusch,North Rh,DB0OTV B,DB0OTV G,439.506250,DUP-,7.600000,DV,OFF,88.5Hz,YES,Approximate,51.260000,6.620000,+1:00
9,Germany,Pobenhausen,Hesse,DB0POB B,DB0POB G,439.500000,DUP-,7.600000,DV,OFF,88.5Hz,YES,Approximate,48.650000,11.380000,+1:00
9,Germany,Pobenhausen,Hesse,DB0POB C,DB0POB G,145.587500,DUP-,0.600000,DV,OFF,88.5Hz,YES,Approximate,48.650000,11.380000,+1:00
9,Germany,Steinach/Straubi,Bavaria,DB0RDH B,DB0RDH G,439.475000,DUP-,7.600000,DV,OFF,88.5Hz,YES,Approximate,48.948667,12.850833,+1:00
9,Germany,Steinach/Straubi,Bavaria,DB0RDH C,DB0RDH G,145.762500,DUP-,0.600000,DV,OFF,88.5Hz,YES,Approximate,48.948667,12.850833,+1:00
9,Germany,Reutlingen,Baden-Wu,DB0REU B,DB0REU G,439.575000,DUP-,7.600000,DV,OFF,88.5Hz,YES,Approximate,48.500000,9.190000,+1:00
9,Germany,Reutlingen,Baden-Wu,DB0REU C,DB0REU G,145.737500,DUP-,0.600000,DV,OFF,88.5Hz,YES,Approximate,48.500000,9.190000,+1:00
9,Germany,Goppingen,Baden-Wu,DB0RIG B,DB0RIG G,439.050000,DUP-,7.600000,DV,OFF,88.5Hz,YES,Approximate,48.690500,9.831167,+1:00
9,Germany,Kreuzberg/Rhon,Bavaria,DB0RKB B,DB0RKB G,439.587500,DUP-,7.600000,DV,OFF,88.5Hz,YES,Approximate,50.368000,9.978500,+1:00
9,Germany,Dormagen,North Rh,DB0RKD B,DB0RKD G,438.425000,DUP-,7.600000,DV,OFF,88.5Hz,YES,Approximate,51.105300,6.827700,+1:00
9,Germany,Dormagen,North Rh,DB0RKD C,DB0RKD G,145.737500,DUP-,0.600000,DV,OFF,88.5Hz,YES,Approximate,51.105300,6.827700,+1:00
9,Germany,Zabelstein,Bavaria,DB0RZS B,DB0RZS G,439.875000,DUP-,9.400000,DV,OFF,88.5Hz,YES,Approximate,49.945167,10.454000,+1:00
9,Germany,Zabelstein,Bavaria,DB0RZS C,DB0RZS G,145.612500,DUP-,0.600000,DV,OFF,88.5Hz,YES,Approximate,49.945167,10.454000,+1:00
9,Germany,Hamburg,Lower Sa,DB0SAT B,DB0SAT G,439.500000,DUP-,7.600000,DV,OFF,88.5Hz,YES,Approximate,53.436667,9.989167,+1:00
9,Germany,Hamburg,Lower Sa,DB0SAT C,DB0SAT G,145.775000,DUP-,0.600000,DV,OFF,88.5Hz,YES,Approximate,53.436667,9.989167,+1:00
9,Germany,Hohenstein-Ernst,Saxony,DB0SBX B,DB0SBX G,439.500000,DUP-,7.600000,DV,OFF,88.5Hz,YES,Approximate,50.806700,12.694200,+1:00
9,Germany,Hohenstein-Ernst,Saxony,DB0SBX C,DB0SBX G,145.687500,DUP-,0.600000,DV,OFF,88.5Hz,YES,Approximate,50.806700,12.694200,+1:00
9,Germany,Giessen,Hesse,DB0SIF B,DB0SIF G,439.487500,DUP-,7.600000,DV,OFF,88.5Hz,YES,Approximate,50.577500,8.668333,+1:00
9,Germany,Gottingen,Lower Sa,DB0SN  B,DB0SN  G,439.500000,DUP-,7.600000,DV,OFF,88.5Hz,YES,Approximate,51.473833,9.765833,+1:00
9,Germany,Stuttgart,Baden-Wu,DB0ST  B,DB0ST  G,438.525000,DUP-,7.600000,DV,OFF,88.5Hz,YES,Approximate,48.747167,9.165500,+1:00
9,Germany,Thalmassing,Bavaria,DB0THM B,DB0THM G,439.512500,DUP-,7.600000,DV,OFF,88.5Hz,YES,Approximate,49.077300,11.175300,+1:00
9,Germany,Thalmassing,Bavaria,DB0THM C,DB0THM G,145.575000,DUP+,0.000000,DV,OFF,88.5Hz,YES,Approximate,49.077300,11.175300,+1:00
9,Germany,Titisee Schwarzw,Baden-Wu,DB0TIT B,DB0TIT G,439.487500,DUP-,7.600000,DV,OFF,88.5Hz,YES,Approximate,47.947700,8.233500,+1:00
9,Germany,Koeln,Baden-Wu,DB0TUV B,DB0TUV G,439.587500,DUP-,7.600000,DV,OFF,88.5Hz,YES,Approximate,50.924000,6.992333,+1:00
9,Germany,Muenchen,Bavaria,DB0TVM B,DB0TVM G,439.575000,DUP-,7.600000,DV,OFF,88.5Hz,YES,Approximate,48.174667,11.553500,+1:00
9,Germany,Ulm University,Baden-Wu,DB0ULM B,DB0ULM G,439.587500,DUP-,7.600000,DV,OFF,88.5Hz,YES,Approximate,48.420200,9.945500,+1:00
9,Germany,Scharbeutz,Schleswi,DB0USK B,DB0USK G,438.475000,DUP-,7.600000,DV,OFF,88.5Hz,YES,Approximate,54.022583,10.754550,+1:00
9,Germany,Scharbeutz,Schleswi,DB0USK C,DB0USK G,145.575000,DUP+,0.000000,DV,OFF,88.5Hz,YES,Approximate,54.022583,10.754550,+1:00
9,Germany,Wiesbaden,Hesse,DB0VA  B,DB0VA  G,438.325000,DUP-,7.600000,DV,OFF,88.5Hz,YES,Approximate,50.020000,8.110000,+1:00
9,Germany,Nuernberg,Bavaria,DB0VOX B,DB0VOX G,439.525000,DUP-,7.600000,DV,OFF,88.5Hz,YES,Approximate,49.426000,11.039000,+1:00
9,Germany,Moenchweiler,Baden-Wu,DB0VS  B,DB0VS  G,438.300000,DUP-,7.600000,DV,OFF,88.5Hz,YES,Approximate,48.100700,8.415200,+1:00
9,Germany,Moenchweiler,Baden-Wu,DB0VS  C,DB0VS  G,145.737500,DUP-,0.600000,DV,OFF,88.5Hz,YES,Approximate,48.100700,8.415200,+1:00
9,Germany,Aachen,Baden-Wu,DB0WA  B,DB0WA  G,438.587500,DUP-,7.600000,DV,OFF,88.5Hz,YES,Approximate,50.745200,6.044300,+1:00
9,Germany,Wilhelmshaven,Lower Sa,DB0WHV B,DB0WHV G,439.493750,DUP-,7.600000,DV,OFF,88.5Hz,YES,Approximate,53.581667,8.130833,+1:00
9,Germany,Wasserkuppe,Hesse,DB0WK  B,DB0WK  G,439.462500,DUP-,7.600000,DV,OFF,88.5Hz,YES,Approximate,50.497667,9.935833,+1:00
9,Germany,Marktredwitz,Bavaria,DB0WUN B,DB0WUN G,439.575000,DUP-,7.600000,DV,OFF,88.5Hz,YES,Approximate,50.000167,12.139333,+1:00
9,Germany,Wilhelmsdorf,Baden-Wu,DB0WV  B,DB0WV  G,439.562500,DUP-,7.600000,DV,OFF,88.5Hz,YES,Approximate,47.822833,9.401333,+1:00
9,Germany,Wilhelmsdorf,Baden-Wu,DB0WV  C,DB0WV  G,145.687500,DUP-,0.600000,DV,OFF,88.5Hz,YES,Approximate,47.822833,9.401333,+1:00
9,Germany,Wurzburg,Bavaria,DB0WZ  B,DB0WZ  G,439.475000,DUP-,7.600000,DV,OFF,88.5Hz,YES,Approximate,49.781833,9.907000,+1:00
9,Germany,Wurzburg,Bavaria,DB0WZ  C,DB0WZ  G,145.725000,DUP-,0.600000,DV,OFF,88.5Hz,YES,Approximate,49.781833,9.907000,+1:00
9,Germany,Veitshochheim,Bavaria,DB0WZB B,DB0WZB G,439.487500,DUP-,7.600000,DV,OFF,88.5Hz,YES,Approximate,49.838167,9.883500,+1:00
9,Germany,Hannover,Lower Sa,DB0XPO B,DB0XPO G,439.550000,DUP-,7.600000,DV,OFF,88.5Hz,YES,Approximate,52.378500,9.724333,+1:00
9,Germany,Hochblauen,Baden-Wu,DB0YE  B,DB0YE  G,439.587500,DUP-,7.600000,DV,OFF,88.5Hz,YES,Approximate,47.778000,7.701667,+1:00
9,Germany,Schneeberg / Fic,Bavaria,DB0ZB  B,DB0ZB  G,439.562500,DUP-,7.600000,DV,OFF,88.5Hz,YES,Approximate,50.051667,11.853000,+1:00
9,Germany,Osnabruck,Lower Sa,DB0ZO  B,DB0ZO  G,439.562500,DUP-,7.600000,DV,OFF,88.5Hz,YES,Approximate,52.177667,8.044167,+1:00
9,Germany,Mulheim,North Rh,DF0MHR B,DF0MHR G,439.462500,DUP-,7.600000,DV,OFF,88.5Hz,YES,Approximate,51.439667,6.839833,+1:00
9,Germany,Eschborn,Hesse,DM0DWD B,DM0DWD G,439.475000,DUP-,7.600000,DV,OFF,88.5Hz,YES,Approximate,50.141500,8.562700,+1:00
9,Germany,Eschborn,Hesse,DM0DWD C,DM0DWD G,145.650000,DUP-,0.600000,DV,OFF,88.5Hz,YES,Approximate,50.141500,8.562700,+1:00
9,Germany,Germering,Baden-Wu,DM0GER B,DM0GER G,439.537500,DUP-,7.600000,DV,OFF,88.5Hz,YES,Approximate,48.124333,11.363000,+1:00
9,Germany,Griesingen nr.Ul,Baden-Wu,DM0GRI B,DM0GRI G,439.450000,DUP-,7.600000,DV,OFF,88.5Hz,YES,Approximate,48.267167,9.777000,+1:00
9,Germany,Hamburg-Mitte,Hamburg,DM0HMB B,DM0HMB G,439.450000,DUP-,7.600000,DV,OFF,88.5Hz,YES,Approximate,53.557167,10.023167,+1:00
9,Germany,Hamburg-Mitte,Hamburg,DM0HMB C,DM0HMB G,145.787500,DUP-,0.600000,DV,OFF,88.5Hz,YES,Approximate,53.557167,10.023167,+1:00
9,Germany,Itzehoe,Schleswi,DM0IZH B,DM0IZH G,439.450000,DUP-,7.600000,DV,OFF,88.5Hz,YES,Approximate,53.934867,9.512417,+1:00
9,Germany,Itzehoe,Schleswi,DM0IZH C,DM0IZH G,145.687500,DUP-,0.600000,DV,OFF,88.5Hz,YES,Approximate,53.934867,9.512417,+1:00
9,Germany,Leipzig,Baden-Wu,DM0LEI B,DM0LEI G,439.475000,DUP-,7.600000,DV,OFF,88.5Hz,YES,Approximate,51.371167,12.468167,+1:00
9,Germany,Luedersdorf/MVP,Baden-Wu,DM0LUE B,DM0LUE G,439.550000,DUP-,7.600000,DV,OFF,88.5Hz,YES,Approximate,53.821000,10.829700,+1:00
9,Germany,Mittweida,Saxony,DM0MW  B,DM0MW  G,439.550000,DUP-,7.600000,DV,OFF,88.5Hz,YES,Approximate,50.987333,12.972333,+1:00
9,Germany,Rottweil,Baden-Wu,DM0RW  B,DM0RW  G,439.537500,DUP-,7.600000,DV,OFF,88.5Hz,YES,Approximate,48.161667,8.654333,+1:00
9,Germany,Erkrath,North Rh,DO0ERK B,DO0ERK G,439.537500,DUP-,7.600000,DV,OFF,88.5Hz,YES,Approximate,51.221500,6.906900,+1:00
9,Germany,Erkrath,North Rh,DO0ERK C,DO0ERK G,145.737500,DUP-,0.600000,DV,OFF,88.5Hz,YES,Approximate,51.221500,6.906900,+1:00
9,Germany,Recklinghausen,North Rh,DO0SRE B,DO0SRE G,439.387500,DUP-,7.600000,DV,OFF,88.5Hz,YES,Approximate,51.614167,7.198067,+1:00
9,Germany,Recklinghausen,North Rh,DO0SRE C,DO0SRE G,145.737500,DUP-,0.600000,DV,OFF,88.5Hz,YES,Approximate,51.614167,7.198067,+1:00
10,Italy,Gallarate,,IQ2GM  B,IQ2GM  G,431.612500,DUP+,1.600000,DV,OFF,88.5Hz,YES,Approximate,45.680333,8.818833,+1:00
10,Italy,Monte Giogo,,IQ4GS  B,IQ4GS  G,431.525000,DUP+,1.600000,DV,OFF,88.5Hz,YES,Approximate,44.321500,10.124800,+1:00
10,Italy,Fiano Romano,,IR0AAZ B,IR0AAZ G,145.762500,DUP+,0.600000,DV,OFF,88.5Hz,YES,Approximate,42.895800,12.458300,+1:00
10,Italy,Fiano Romano,,IR0AAZ C,IR0AAZ G,144.700000,DUP+,0.000000,DV,OFF,88.5Hz,YES,Approximate,42.895800,12.458300,+1:00
10,Italy,Viterbo,,IR0CD  C,IR0CD  G,145.737500,DUP-,0.600000,DV,OFF,88.5Hz,YES,Approximate,42.417833,12.152000,+1:00
10,Italy,Latina,,IR0CJ  B,IR0CJ  G,431.412500,DUP+,1.600000,DV,OFF,88.5Hz,YES,Approximate,41.490000,13.070000,+1:00
10,Italy,Latina,,IR0CJ  C,IR0CJ  G,145.737500,DUP-,0.600000,DV,OFF,88.5Hz,YES,Approximate,41.490000,13.070000,+1:00
10,Italy,Rocca di Papa,,IR0CP  B,IR0CP  G,431.412500,DUP+,1.600000,DV,OFF,88.5Hz,YES,Approximate,41.760000,12.710000,+1:00
10,Italy,Pula,,IR0DV  B,IR0DV  G,144.865000,DUP+,0.000000,DV,OFF,88.5Hz,YES,Approximate,39.000000,8.990000,+1:00
10,Italy,Terni,,IR0K   B,IR0K   G,430.337500,DUP+,1.600000,DV,OFF,88.5Hz,YES,Approximate,42.419500,12.636667,+1:00
10,Italy,Roma,,IR0MA  B,IR0MA  G,430.006250,DUP+,5.000000,DV,OFF,88.5Hz,YES,Approximate,41.818000,12.715500,+1:00
10,Italy,Roma,,IR0MA  C,IR0MA  G,145.993750,DUP-,1.975000,DV,OFF,88.5Hz,YES,Approximate,41.818000,12.715500,+1:00
10,Italy,Assisi,,IR0UAS B,IR0UAS G,430.212500,DUP+,5.000000,DV,OFF,88.5Hz,YES,Approximate,42.864333,12.799833,+1:00
10,Italy,Assisi,,IR0UAS C,IR0UAS G,145.993750,DUP-,1.975000,DV,OFF,88.5Hz,YES,Approximate,42.864333,12.799833,+1:00
10,Italy,Monte Serpeddi,,IR0UBT B,IR0UBT G,430.325000,DUP+,1.600000,DV,OFF,88.5Hz,YES,Approximate,39.360000,9.290000,+1:00
10,Italy,Civitavecchia,,IR0UEH B,IR0UEH G,430.900000,DUP+,5.000000,DV,OFF,88.5Hz,YES,Approximate,42.142300,11.892700,+1:00
10,Italy,OndaTelematica,,IR0UEZ B,IR0UEZ G,431.450000,DUP-,1.600000,DV,OFF,88.5Hz,YES,Approximate,41.942000,12.807800,+1:00
10,Italy,Santopadre,,IR0UGJ B,IR0UGJ G,430.225000,DUP+,5.000000,DV,OFF,88.5Hz,YES,Approximate,41.603000,13.628800,+1:00
10,Italy,Perugia,,IR0UP  B,IR0UP  G,430.150000,DUP+,1.600000,DV,OFF,88.5Hz,YES,Approximate,43.101167,12.395833,+1:00
10,Italy,Stazzano - AL -,,IR1BZ  B,IR1BZ  G,430.475000,DUP+,5.000000,DV,OFF,88.5Hz,YES,Approximate,44.710000,8.880000,+1:00
10,Italy,Torino,,IR1CJ  C,IR1CJ  G,144.987500,DUP+,1.000000,DV,OFF,88.5Hz,YES,Approximate,45.043667,7.703500,+1:00
10,Italy,Levanto (SP),,IR1CT  C,IR1CT  G,144.925000,DUP-,0.000000,DV,OFF,88.5Hz,YES,Approximate,44.175300,9.624800,+1:00
10,Italy,La Morra,,IR1DK  C,IR1DK  G,145.775000,DUP-,0.600000,DV,OFF,88.5Hz,YES,Approximate,44.620000,7.930000,+1:00
10,Italy,S.Maurizio C.se,,IR1TB  B,IR1TB  G,431.500000,DUP-,1.500000,DV,OFF,88.5Hz,YES,Approximate,45.061150,7.708100,+1:00
10,Italy,S.Giulia (GE)-JN,,IR1UAW B,IR1UAW G,430.912500,DUP+,5.000000,DV,OFF,88.5Hz,YES,Approximate,44.306200,9.374500,+1:00
10,Italy,M. Bignone - San,,IR1UB  B,IR1UB  G,430.050000,DUP+,1.600000,DV,OFF,88.5Hz,YES,Approximate,43.870000,7.730000,+1:00
10,Italy,Giaveno,,IR1UBR A,IR1UBR G,435.925000,DUP+,0.000000,DV,OFF,88.5Hz,YES,Approximate,45.070000,7.510000,+1:00
10,Italy,Giaveno,,IR1UBR B,IR1UBR G,430.525000,DUP+,5.000000,DV,OFF,88.5Hz,YES,Approximate,45.070000,7.510000,+1:00
10,Italy,Albugnano - AT -,,IR1UCB B,IR1UCB G,430.100000,DUP+,1.600000,DV,OFF,88.5Hz,YES,Approximate,45.078000,7.966833,+1:00
10,Italy,Casale Monferrat,,IR1UDI B,IR1UDI G,430.025000,DUP+,1.600000,DV,OFF,88.5Hz,YES,Approximate,45.124833,8.439833,+1:00
10,Italy,Casale Monferrat,,IR1UDI C,IR1UDI G,145.687500,DUP-,0.600000,DV,OFF,88.5Hz,YES,Approximate,45.124833,8.439833,+1:00
10,Italy,Imperia,,IR1UGM B,IR1UGM G,430.262500,DUP-,1.600000,DV,OFF,88.5Hz,YES,Approximate,43.874000,8.003000,+1:00
10,Italy,Borghetto Santo,,IR1UGO A,IR1UGO G,430.912500,DUP+,0.000000,DV,OFF,88.5Hz,YES,Approximate,44.100000,8.230000,+1:00
10,Italy,Borghetto Santo,,IR1UGO B,IR1UGO G,430.525000,DUP+,5.000000,DV,OFF,88.5Hz,YES,Approximate,44.100000,8.230000,+1:00
10,Italy,Genova,,IR1UHC B,IR1UHC G,430.450000,DUP+,5.000000,DV,OFF,88.5Hz,YES,Approximate,44.411000,9.037300,+1:00
10,Italy,La Spezia,,IR1UHH B,IR1UHH G,430.937500,DUP+,0.000000,DV,OFF,88.5Hz,YES,Approximate,44.104700,9.798000,+1:00
10,Italy,Brescia,,IR2UBG B,IR2UBG G,431.562500,DUP+,1.600000,DV,OFF,88.5Hz,YES,Approximate,45.548833,10.285000,+1:00
10,Italy,Milan,,IR2UDY B,IR2UDY G,431.437500,DUP+,1.600000,DV,OFF,88.5Hz,YES,Approximate,45.519500,9.274500,+1:00
10,Italy,Boffalora,,IR2UEI A,IR2UEI G,435.925000,DUP+,0.000000,DV,OFF,88.5Hz,YES,Approximate,45.460000,8.820000,+1:00
10,Italy,Boffalora,,IR2UEI B,IR2UEI G,430.950000,DUP+,0.000000,DV,OFF,88.5Hz,YES,Approximate,45.460000,8.820000,+1:00
10,Italy,Bernate Ticino,,IR2UEZ B,IR2UEZ G,431.612500,DUP+,1.600000,DV,OFF,88.5Hz,YES,Approximate,45.681667,8.818000,+1:00
10,Italy,Gambolo (PV),,IR2UFH B,IR2UFH G,430.137500,DUP+,1.600000,DV,OFF,88.5Hz,YES,Approximate,45.265500,8.851800,+1:00
10,Italy,Bollate,,IR2UFV B,IR2UFV G,433.625000,DUP+,0.000000,DV,OFF,88.5Hz,YES,Approximate,45.540000,9.110000,+1:00
10,Italy,Chioggia(Venice),,IR3DA  B,IR3DA  G,430.012500,DUP+,5.000000,DV,OFF,88.5Hz,YES,Approximate,45.198500,12.282667,+1:00
10,Italy,Chioggia(Venice),,IR3DA  C,IR3DA  G,145.975000,DUP-,1.100000,DV,OFF,88.5Hz,YES,Approximate,45.198500,12.282667,+1:00
10,Italy,Verona,,IR3DB  B,IR3DB  G,431.500000,DUP+,1.600000,DV,OFF,88.5Hz,YES,Approximate,45.683500,10.818000,+1:00
10,Italy,Bassano del Grap,,IR3DI  B,IR3DI  G,430.387500,DUP+,1.600000,DV,OFF,88.5Hz,YES,Approximate,45.760000,11.750000,+1:00
10,Italy,Bassano del Grap,,IR3DI  C,IR3DI  G,145.575000,DUP-,0.600000,DV,OFF,88.5Hz,YES,Approximate,45.760000,11.750000,+1:00
10,Italy,Monte Cermis,,IR3EE  C,IR3EE  G,145.712500,DUP-,0.600000,DV,OFF,88.5Hz,YES,Approximate,46.242333,11.504000,+1:00
10,Italy,Belluno,,IR3UAE B,IR3UAE G,430.025000,DUP+,1.600000,DV,OFF,88.5Hz,YES,Approximate,46.169667,12.201500,+1:00
10,Italy,Udine,,IR3UBZ B,IR3UBZ G,433.025000,DUP-,1.600000,DV,OFF,88.5Hz,YES,Approximate,46.057500,13.243000,+1:00
10,Italy,Monselice(Padova,,IR3UEF B,IR3UEF G,431.475000,DUP+,1.600000,DV,OFF,88.5Hz,YES,Approximate,45.225333,11.742500,+1:00
10,Italy,Monselice(Padova,,IR3UEF C,IR3UEF G,145.975000,DUP-,1.100000,DV,OFF,88.5Hz,YES,Approximate,45.225333,11.742500,+1:00
10,Italy,Monte Rubbio,,IR3UFN B,IR3UFN G,430.475000,DUP+,5.000000,DV,OFF,88.5Hz,YES,Approximate,45.804000,11.672333,+1:00
10,Italy,Col Visentin,,IR3UFO B,IR3UFO G,430.400000,DUP+,5.000000,DV,OFF,88.5Hz,YES,Approximate,46.057733,12.280300,+1:00
10,Italy,Monte Grappa,,IR3UGR B,IR3UGR G,431.987500,DUP-,1.600000,DV,OFF,88.5Hz,YES,Approximate,45.570000,11.640000,+1:00
10,Italy,Pordenone,,IR3UIB B,IR3UIB G,431.525000,DUP+,1.600000,DV,OFF,88.5Hz,YES,Approximate,46.006833,12.435667,+1:00
10,Italy,Trieste,,IR3UIC B,IR3UIC G,431.550000,DUP+,1.600000,DV,OFF,88.5Hz,YES,Approximate,45.650667,13.768000,+1:00
10,Italy,Monfalcone,,IR3UIM B,IR3UIM G,430.187500,DUP+,5.000000,DV,OFF,88.5Hz,YES,Approximate,45.806700,13.531200,+1:00
10,Italy,Belluno,,IR3UIQ B,IR3UIQ G,431.600000,DUP+,1.600000,DV,OFF,88.5Hz,YES,Approximate,46.140000,12.210000,+1:00
10,Italy,Monte Cimone,,IR4MO  C,IR4MO  G,145.562500,DUP-,0.600000,DV,OFF,88.5Hz,YES,Approximate,44.190000,10.700000,+1:00
10,Italy,Bologna,,IR4UAJ B,IR4UAJ G,430.237500,DUP+,1.600000,DV,OFF,88.5Hz,YES,Approximate,44.570000,11.380000,+1:00
10,Italy,Piacenza,,IR4UBL B,IR4UBL G,430.562500,DUP+,5.000000,DV,OFF,88.5Hz,YES,Approximate,45.037000,9.712167,+1:00
10,Italy,Monte Canate,,IR4UBP B,IR4UBP G,430.425000,DUP+,5.000000,DV,OFF,88.5Hz,YES,Approximate,44.759500,9.928833,+1:00
10,Italy,Reggio Emilia,,IR4URE B,IR4URE G,430.262500,DUP+,5.000000,DV,OFF,88.5Hz,YES,Approximate,44.450667,10.335833,+1:00
10,Italy,Valdarno,,IR5AF  C,IR5AF  G,145.687500,DUP-,0.600000,DV,OFF,88.5Hz,YES,Approximate,43.727300,11.575200,+1:00
10,Italy,Firenze,,IR5AN  C,IR5AN  G,144.925000,DUP-,0.000000,DV,OFF,88.5Hz,YES,Approximate,43.766000,11.397800,+1:00
10,Italy,Valbisenziov,,IR5AR  C,IR5AR  G,144.912500,DUP+,0.000000,DV,OFF,88.5Hz,YES,Approximate,43.969500,11.123800,+1:00
10,Italy,Serre Di Rapolan,,IR5UAP B,IR5UAP G,432.800000,DUP-,0.000000,DV,OFF,88.5Hz,YES,Approximate,43.255700,11.620700,+1:00
10,Italy,Figline Valdarno,,IR5UBM B,IR5UBM G,430.012500,DUP+,1.600000,DV,OFF,88.5Hz,YES,Approximate,43.681167,11.521667,+1:00
10,Italy,Scandicci,,IR5UBN B,IR5UBN G,431.325000,DUP+,1.600000,DV,OFF,88.5Hz,YES,Approximate,43.745000,11.194500,+1:00
10,Italy,Monte Cascetto L,,IR5UBS B,IR5UBS G,431.487500,DUP-,1.600000,DV,OFF,88.5Hz,YES,Approximate,43.755800,10.542200,+1:00
10,Italy,Livorno,,IR5UCB B,IR5UCB G,431.487500,DUP+,1.600000,DV,OFF,88.5Hz,YES,Approximate,43.548517,10.310533,+1:00
10,Italy,Cetamura,,IR5UCC B,IR5UCC G,430.262500,DUP-,1.600000,DV,OFF,88.5Hz,YES,Approximate,43.401000,11.477200,+1:00
10,Italy,MonteFiore Quarr,,IR5UCK B,IR5UCK G,431.425000,DUP-,1.600000,DV,OFF,88.5Hz,YES,Approximate,43.828700,10.939700,+1:00
10,Italy,ARI Montecarlo L,,IR5UCL B,IR5UCL G,431.562500,DUP-,1.600000,DV,OFF,88.5Hz,YES,Approximate,43.851500,10.667300,+1:00
10,Italy,Mt.Massoncello,,IR5UCM C,IR5UCM G,145.737500,DUP-,0.600000,DV,OFF,88.5Hz,YES,Approximate,42.963700,10.498300,+1:00
10,Italy,Firenze,,IR5UCQ B,IR5UCQ G,431.450000,DUP+,1.600000,DV,OFF,88.5Hz,YES,Approximate,43.873000,11.136300,+1:00
10,Italy,Roseto degli Abr,,IR6AL  C,IR6AL  G,145.587500,DUP-,0.600000,DV,OFF,88.5Hz,YES,Approximate,42.675217,14.016017,+1:00
10,Italy,L'Aquila,,IR6L   C,IR6L   G,145.650000,DUP+,0.600000,DV,OFF,88.5Hz,YES,Approximate,42.350767,13.399900,+1:00
10,Italy,Monte Majella,,IR6UBM B,IR6UBM G,430.112500,DUP+,1.600000,DV,OFF,88.5Hz,YES,Approximate,42.180333,14.108333,+1:00
10,Italy,Monte Maiella(CH,,IR6UCC B,IR6UCC G,430.012500,DUP+,5.000000,DV,OFF,88.5Hz,YES,Approximate,42.157833,14.127667,+1:00
10,Italy,Monte Pallano,,IR6UCD B,IR6UCD G,430.137500,DUP+,1.600000,DV,OFF,88.5Hz,YES,Approximate,42.033367,14.383350,+1:00
10,Italy,Monte Majelletta,,IR6UCI B,IR6UCI G,431.512500,DUP+,1.600000,DV,OFF,88.5Hz,YES,Approximate,42.180300,14.108300,+1:00
10,Italy,Macerata,,IR6UCW B,IR6UCW G,430.387500,DUP+,5.000000,DV,OFF,88.5Hz,YES,Approximate,43.292333,13.437000,+1:00
10,Italy,Ortona,,IR6UCX C,IR6UCX G,144.962500,DUP-,0.000000,DV,OFF,88.5Hz,YES,Approximate,42.347833,14.403333,+1:00
10,Italy,Pescara,,IR6UCY B,IR6UCY G,431.437500,DUP+,1.600000,DV,OFF,88.5Hz,YES,Approximate,42.435000,14.236833,+1:00
10,Italy,Avezzano,,IR6UDC B,IR6UDC G,430.275000,DUP+,1.600000,DV,OFF,88.5Hz,YES,Approximate,42.038700,13.394300,+1:00
10,Italy,Teramo,,IR6UDD B,IR6UDD G,430.275000,DUP+,1.600000,DV,OFF,88.5Hz,YES,Approximate,42.662667,13.696667,+1:00
10,Italy,Silvi Marina,,IR6UDH B,IR6UDH G,430.037500,DUP+,5.000000,DV,OFF,88.5Hz,YES,Approximate,42.539300,14.125500,+1:00
10,Italy,Sulmona (AQ),,IR6UDO B,IR6UDO G,430.137500,DUP+,1.600000,DV,OFF,88.5Hz,YES,Approximate,42.042500,13.928000,+1:00
10,Italy,San GiovanniRoto,,IR7AZ  C,IR7AZ  G,145.975000,DUP-,1.250000,DV,OFF,88.5Hz,YES,Approximate,41.723333,15.688000,+1:00
10,Italy,Noicattaro,,IR7BK  C,IR7BK  G,144.912500,DUP+,0.000000,DV,OFF,88.5Hz,YES,Approximate,41.040000,16.980000,+1:00
10,Italy,Bari,,IR7UBA B,IR7UBA G,430.300000,DUP+,1.600000,DV,OFF,88.5Hz,YES,Approximate,41.119333,16.870500,+1:00
10,Italy,Bari,,IR7UBB C,IR7UBB G,145.787500,DUP-,0.600000,DV,OFF,88.5Hz,YES,Approximate,41.013000,16.907167,+1:00
10,Italy,Neviano (LE),,IR7UBP B,IR7UBP G,430.500000,DUP+,5.000000,DV,OFF,88.5Hz,YES,Approximate,40.107300,18.111300,+1:00
10,Italy,Cavallino,,IR7UBY B,IR7UBY G,430.425000,DUP+,5.000000,DV,OFF,88.5Hz,YES,Approximate,40.330000,18.170000,+1:00
10,Italy,Cavallino,,IR7UBY C,IR7UBY G,145.612500,DUP+,0.600000,DV,OFF,88.5Hz,YES,Approximate,40.330000,18.170000,+1:00
10,Italy,Tricase Lecce,,IR7UY  B,IR7UY  G,430.400000,DUP+,5.000000,DV,OFF,88.5Hz,YES,Approximate,39.920000,18.340000,+1:00
10,Italy,Cosenza,,IR8AF  C,IR8AF  G,145.650000,DUP-,0.600000,DV,OFF,88.5Hz,YES,Approximate,39.290000,16.250000,+1:00
10,Italy,Napoli,,IR8AW  B,IR8AW  G,430.425000,DUP+,5.000000,DV,OFF,88.5Hz,YES,Approximate,40.872167,14.437500,+1:00
10,Italy,Camposauro,,IR8BA  C,IR8BA  G,145.787500,DUP-,0.600000,DV,OFF,88.5Hz,YES,Approximate,41.167200,14.596700,+1:00
10,Italy,Cosenza,,IR8BP  C,IR8BP  G,145.675000,DUP-,0.600000,DV,OFF,88.5Hz,YES,Approximate,39.300000,16.250000,+1:00
10,Italy,Abriola (PZ),,IR8BQ  C,IR8BQ  G,145.687500,DUP-,0.600000,DV,OFF,88.5Hz,YES,Approximate,40.650000,15.795000,+1:00
10,Italy,Battipaglia,,IR8BT  B,IR8BT  G,430.425000,DUP+,5.000000,DV,OFF,88.5Hz,YES,Approximate,46.050833,14.977500,+1:00
10,Italy,Pompei/Napoli,,IR8CA  B,IR8CA  G,430.475000,DUP+,5.000000,DV,OFF,88.5Hz,YES,Approximate,40.669500,14.478333,+1:00
10,Italy,Pompei/Napoli,,IR8CA  C,IR8CA  G,145.662500,DUP-,0.600000,DV,OFF,88.5Hz,YES,Approximate,40.669500,14.478333,+1:00
10,Italy,Cosenza,,IR8PB  C,IR8PB  G,145.675000,DUP-,0.600000,DV,OFF,88.5Hz,YES,Approximate,39.314667,16.168833,+1:00
10,Italy,Avellino,,IR8UAF B,IR8UAF G,432.250000,DUP+,1.600000,DV,OFF,88.5Hz,YES,Approximate,40.934500,14.724667,+1:00
10,Italy,Monte Taburno,,IR8UAG B,IR8UAG G,430.500000,DUP+,5.000000,DV,OFF,88.5Hz,YES,Approximate,41.100000,14.600000,+1:00
10,Italy,Cosenza,,IR8UBW B,IR8UBW G,430.175000,DUP+,1.600000,DV,OFF,88.5Hz,YES,Approximate,39.290000,16.250000,+1:00
10,Italy,Villa San Giovan,,IR8UCN C,IR8UCN G,145.712500,DUP-,0.600000,DV,OFF,88.5Hz,YES,Approximate,38.222833,15.641000,+1:00
10,Italy,Cetraro,,IR8US  B,IR8US  G,430.175000,DUP+,1.600000,DV,OFF,88.5Hz,YES,Approximate,49.312500,16.208300,+1:00
10,Italy,Castelmola,,IR9BJ  C,IR9BJ  G,145.775000,DUP-,0.600000,DV,OFF,88.5Hz,YES,Approximate,37.869700,15.263800,+1:00
10,Italy,Palermo,,IR9G   C,IR9G   G,145.662500,DUP-,0.600000,DV,OFF,88.5Hz,YES,Approximate,38.114833,13.265500,+1:00
10,Italy,Catania,,IR9UAA B,IR9UAA G,435.350000,DUP+,0.000000,DV,OFF,88.5Hz,YES,Approximate,37.566300,15.110000,+1:00
10,Italy,Catania,,IR9W   B,IR9W   G,430.200000,DUP+,5.000000,DV,OFF,88.5Hz,YES,Approximate,37.580000,15.120000,+1:00
11,Japan,Hamacho,Tokyo,JP1YIU A,JP1YIU G,434.400000,DUP+,5.000000,DV,OFF,88.5Hz,NO,Approximate,35.686650,139.791117,+9:00
11,Japan,HamFair,Tokyo,JP1YJJ A,JP1YJJ G,439.250000,DUP-,5.000000,DV,OFF,88.5Hz,NO,Approximate,35.628833,139.795217,+9:00
11,Japan,Inage,Chiba,JP1YJQ A,JP1YJQ G,439.270000,DUP-,5.000000,DV,OFF,88.5Hz,NO,Approximate,35.663000,140.114833,+9:00
11,Japan,Hirano,Osaka,JP3YHH A,JP3YHH G,439.390000,DUP-,5.000000,DV,OFF,88.5Hz,NO,Approximate,34.625867,135.568300,+9:00
11,Japan,Sugamo,Tokyo,JR1WN  A,JR1WN  G,439.130000,DUP-,5.000000,DV,OFF,88.5Hz,NO,Approximate,35.733017,139.740517,+9:00
12,Latin America,Buenos Aires,Argentin,LU3AOC C,LU3AOC G,147.345000,DUP+,0.600000,DV,OFF,88.5Hz,NO,Approximate,-34.609333,-58.385833,-3:00
12,Latin America,Rosario,Argentin,LU5FB  C,LU5FB  G,147.030000,DUP+,0.600000,DV,OFF,88.5Hz,NO,Approximate,-33.128000,-60.617500,-3:00
12,Latin America,Willemstad,Curacao,PJ2A   B,PJ2A   G,433.900000,DUP+,5.000000,DV,OFF,88.5Hz,NO,Approximate,12.140000,-68.850000,-4:00
12,Latin America,Arima,,9Y4TTL C,9Y4TTL G,146.250000,DUP+,0.600000,DV,OFF,88.5Hz,NO,Approximate,10.642500,-61.278500,-4:00
12,Latin America,Cali,Colombia,HK6FRC C,HK6FRC G,147.180000,DUP+,0.600000,DV,OFF,88.5Hz,NO,Approximate,3.417833,-76.545500,-5:00
12,Latin America,Panama,Panama,HP1RCD C,HP1RCD G,147.250000,DUP+,0.600000,DV,OFF,88.5Hz,NO,Approximate,9.004000,-79.536800,-5:00
12,Latin America,Guatemala,Guatemal,TG0AA  C,TG0AA  G,146.990000,DUP-,0.600000,DV,OFF,88.5Hz,NO,Approximate,14.390000,-90.380000,-6:00
12,Latin America,Mexico,Mexico,XE1RCS C,XE1RCS G,146.640000,DUP-,0.600000,DV,OFF,88.5Hz,NO,Approximate,19.752833,-98.824667,-6:00
12,Latin America,San Salvador,El Salva,YS1YS  C,YS1YS  G,147.870000,DUP-,1.000000,DV,OFF,88.5Hz,NO,Approximate,13.744167,-89.256167,-6:00
12,Latin America,Talagante,Chile,ZS0BDN C,ZS0BDN G,145.010000,DUP-,0.000000,DV,OFF,88.5Hz,NO,Approximate,-33.680000,-70.866667,-4:00
13,Netherlands,Alkmaar,,PI1ALK B,PI1ALK G,430.200000,DUP+,5.000000,DV,OFF,88.5Hz,YES,Approximate,52.640800,4.735300,+1:00
13,Netherlands,Apeldoorn,,PI1APD B,PI1APD G,438.325000,DUP-,7.600000,DV,OFF,88.5Hz,YES,Approximate,52.209300,5.960800,+1:00
13,Netherlands,Bergen op Zoom,,PI1BOZ B,PI1BOZ G,438.125000,DUP-,7.600000,DV,OFF,88.5Hz,YES,Approximate,51.498833,4.280667,+1:00
13,Netherlands,Bussum,,PI1BSM B,PI1BSM G,438.900000,DUP-,7.600000,DV,OFF,88.5Hz,YES,Approximate,52.266167,5.168333,+1:00
13,Netherlands,Dordrecht,,PI1DEC B,PI1DEC G,438.000000,DUP-,7.600000,DV,OFF,88.5Hz,YES,Approximate,51.811833,4.703667,+1:00
13,Netherlands,Amersfoort,,PI1DGF C,PI1DGF G,144.937500,DUP+,0.000000,DV,OFF,88.5Hz,YES,Approximate,52.170000,5.390000,+1:00
13,Netherlands,Den Helder,,PI1DHD B,PI1DHD G,438.175000,DUP-,7.600000,DV,OFF,88.5Hz,YES,Approximate,52.935383,4.783417,+1:00
13,Netherlands,Drachten,,PI1DRA B,PI1DRA G,438.200000,DUP-,7.600000,DV,OFF,88.5Hz,YES,Approximate,53.102500,6.102000,+1:00
13,Netherlands,Eindhoven,,PI1DSE B,PI1DSE G,438.400000,DUP-,7.600000,DV,OFF,88.5Hz,YES,Approximate,51.444833,5.513333,+1:00
13,Netherlands,Huizen,,PI1DST B,PI1DST G,439.875000,DUP-,7.600000,DV,OFF,88.5Hz,YES,Approximate,52.297767,5.236367,+1:00
13,Netherlands,Huizen,,PI1DST C,PI1DST G,145.625000,DUP-,0.600000,DV,OFF,88.5Hz,YES,Approximate,52.297767,5.236367,+1:00
13,Netherlands,Geldrop,,PI1GLP C,PI1GLP G,144.975000,DUP+,0.000000,DV,OFF,88.5Hz,YES,Approximate,51.420000,5.570000,+1:00
13,Netherlands,Delft,,PI1HGL B,PI1HGL G,438.250000,DUP-,7.600000,DV,OFF,88.5Hz,YES,Approximate,52.014667,4.265667,+1:00
13,Netherlands,Alkmaar,,PI1HHW B,PI1HHW G,438.325000,DUP-,7.600000,DV,OFF,88.5Hz,YES,Approximate,52.646667,4.750667,+1:00
13,Netherlands,Nieuwegein,,PI1HNZ B,PI1HNZ G,438.250000,DUP-,7.600000,DV,OFF,88.5Hz,YES,Approximate,52.010000,5.090000,+1:00
13,Netherlands,Breda,,PI1HWB B,PI1HWB G,438.100000,DUP-,7.600000,DV,OFF,88.5Hz,YES,Approximate,51.580000,4.741333,+1:00
13,Netherlands,Nijmegen Nrd,,PI1KAN B,PI1KAN G,431.000000,DUP+,0.000000,DV,OFF,88.5Hz,YES,Approximate,51.880700,5.842300,+1:00
13,Netherlands,Stadskanaal,,PI1KDN B,PI1KDN G,431.000000,DUP+,0.000000,DV,OFF,88.5Hz,YES,Approximate,53.000000,6.968000,+1:00
13,Netherlands,Meppel,,PI1MEP B,PI1MEP G,438.125000,DUP-,7.600000,DV,OFF,88.5Hz,YES,Approximate,52.583500,6.193833,+1:00
13,Netherlands,Nijmegen,,PI1NYM B,PI1NYM G,439.850000,DUP-,9.400000,DV,OFF,88.5Hz,YES,Approximate,51.819167,5.866167,+1:00
13,Netherlands,Amsterdam,,PI1RYS B,PI1RYS G,438.050000,DUP-,7.600000,DV,OFF,88.5Hz,YES,Approximate,52.384000,4.902000,+1:00
13,Netherlands,Almere,,PI1SHA B,PI1SHA G,438.312500,DUP-,7.600000,DV,OFF,88.5Hz,YES,Approximate,52.375200,5.270000,+1:00
13,Netherlands,IJsselstein,,PI1UTR B,PI1UTR G,438.075000,DUP-,7.600000,DV,OFF,88.5Hz,YES,Approximate,52.010000,5.053500,+1:00
13,Netherlands,IJmuiden,,PI1YMD A,PI1YMD G,145.600000,DUP-,0.600000,DV,OFF,88.5Hz,YES,Approximate,52.461183,4.612883,+1:00
13,Netherlands,Ijmuiden,,PI1YMD B,PI1YMD G,438.300000,DUP-,7.600000,DV,OFF,88.5Hz,YES,Approximate,52.461183,4.612883,+1:00
13,Netherlands,Zeewolde,,PI1ZEE B,PI1ZEE G,438.037500,DUP-,7.600000,DV,OFF,88.5Hz,YES,Approximate,52.324000,5.547300,+1:00
14,Oceania,Upper Hutt,NZL,ZL2VH  C,ZL2VH  G,145.425000,DUP-,0.600000,DV,OFF,88.5Hz,NO,Approximate,-41.147667,175.141333,+12:00
15,UK,ALVESTON,SW,GB7AD  B,GB7AD  G,439.912500,DUP-,9.000000,DV,OFF,88.5Hz,YES,Approximate,51.591600,-2.539400,0:00
15,UK,AMERSHAM,SW,GB7AU  B,GB7AU  G,439.700000,DUP-,9.000000,DV,OFF,88.5Hz,YES,Approximate,51.650200,-0.616800,0:00
15,UK,WESTON-S-MARE,SW,GB7BD  B,GB7BD  G,439.450000,DUP-,9.000000,DV,OFF,88.5Hz,YES,Approximate,51.400200,-2.737700,0:00
15,UK,BIRMINGHAM,MIDL,GB7BM  B,GB7BM  G,439.400000,DUP-,9.000000,DV,OFF,88.5Hz,YES,Approximate,52.464500,-1.888400,0:00
15,UK,MILTON KEYNES,SW,GB7BP  B,GB7BP  G,439.450000,DUP-,9.000000,DV,OFF,88.5Hz,YES,Approximate,51.997400,-0.740100,0:00
15,UK,CARDIFF,WM,GB7CD  B,GB7CD  G,439.700000,DUP-,9.000000,DV,OFF,88.5Hz,YES,Approximate,51.470700,-3.167000,0:00
15,UK,LOUTH,MIDL,GB7CH  B,GB7CH  G,439.475000,DUP-,9.000000,DV,OFF,88.5Hz,YES,Approximate,53.324900,-0.119500,0:00
15,UK,AMPTHILL,MIDL,GB7DB  B,GB7DB  G,439.662500,DUP-,9.000000,DV,OFF,88.5Hz,YES,Approximate,52.036000,-0.524100,0:00
15,UK,DERBY,MIDL,GB7DC  B,GB7DC  G,439.487500,DUP-,9.000000,DV,OFF,88.5Hz,YES,Approximate,52.936300,-1.436300,0:00
15,UK,ARBROATH ANGUS,SCOT,GB7DD  B,GB7DD  G,439.662500,DUP-,9.000000,DV,OFF,88.5Hz,YES,Approximate,56.531900,-2.792800,0:00
15,UK,LARGO FIFE,SCOT,GB7DE  B,GB7DE  G,439.600000,DUP-,9.000000,DV,OFF,88.5Hz,YES,Approximate,56.232800,-2.910600,0:00
15,UK,GLASGOW,SCOT,GB7DG  B,GB7DG  G,439.700000,DUP-,9.000000,DV,OFF,88.5Hz,YES,Approximate,55.778600,-4.353600,0:00
15,UK,GLASGOW,SCOT,GB7DG  C,GB7DG  G,145.775000,DUP-,0.600000,DV,OFF,88.5Hz,YES,Approximate,55.778600,-4.353600,0:00
15,UK,STRANRAER,SCOT,GB7DK  B,GB7DK  G,439.912500,DUP-,9.000000,DV,OFF,88.5Hz,YES,Approximate,54.878500,-5.064600,0:00
15,UK,STRANRAER,SCOT,GB7DK  C,GB7DK  G,145.687500,DUP-,0.600000,DV,OFF,88.5Hz,YES,Approximate,54.878500,-5.064600,0:00
15,UK,LYMM,NOR,GB7DV  B,GB7DV  G,439.612500,DUP-,9.000000,DV,OFF,88.5Hz,YES,Approximate,53.382500,-2.487800,0:00
15,UK,AYRSHIRE,SCOT,GB7DW  B,GB7DW  G,439.637500,DUP-,9.000000,DV,OFF,88.5Hz,YES,Approximate,55.668500,-4.434300,0:00
15,UK,ASHFORD,SE,GB7DX  B,GB7DX  G,439.700000,DUP-,9.000000,DV,OFF,88.5Hz,YES,Approximate,51.121000,0.873900,0:00
15,UK,WELLINGBOROUGH,MIDL,GB7EN  B,GB7EN  G,439.537500,DUP-,9.000000,DV,OFF,88.5Hz,YES,Approximate,52.304400,-0.716700,0:00
15,UK,FOLKESTONE,SE,GB7FK  B,GB7FK  G,439.737500,DUP-,9.000000,DV,OFF,88.5Hz,YES,Approximate,51.103200,1.213800,0:00
15,UK,ABERDEEN,SCOT,GB7GD  C,GB7GD  G,145.687500,DUP-,0.600000,DV,OFF,88.5Hz,YES,Approximate,57.153300,-2.184200,0:00
15,UK,CINDERFORD,SW,GB7GL  B,GB7GL  G,439.712500,DUP-,9.000000,DV,OFF,88.5Hz,YES,Approximate,51.841100,-2.492100,0:00
15,UK,HUDDERSFIELD,NOR,GB7HD  B,GB7HD  G,439.450000,DUP-,9.000000,DV,OFF,88.5Hz,YES,Approximate,53.664000,-1.730200,0:00
15,UK,EAST YORKSHIRE,NOR,GB7HU  B,GB7HU  G,433.075000,DUP+,1.600000,DV,OFF,88.5Hz,YES,Approximate,53.780100,-0.553700,0:00
15,UK,HUDDERSFIELD,NOR,GB7HX  B,GB7HX  G,433.225000,DUP+,1.600000,DV,OFF,88.5Hz,YES,Approximate,53.645900,-1.873500,0:00
15,UK,HERNE BAY,SE,GB7IC  B,GB7IC  G,439.450000,DUP-,9.000000,DV,OFF,88.5Hz,YES,Approximate,51.361900,1.148100,0:00
15,UK,HERNE BAY,SE,GB7IC  C,GB7IC  G,145.662500,DUP-,0.600000,DV,OFF,88.5Hz,YES,Approximate,51.361900,1.148100,0:00
15,UK,CANNOCK,MIDL,GB7IP  B,GB7IP  G,439.612500,DUP-,9.000000,DV,OFF,88.5Hz,YES,Approximate,52.705500,-1.989900,0:00
15,UK,STAFFORD,MIDL,GB7IQ  B,GB7IQ  G,439.612500,DUP-,9.000000,DV,OFF,88.5Hz,YES,Approximate,52.768800,-2.165600,0:00
15,UK,NORTHAMPTON,MIDL,GB7JF  B,GB7JF  G,439.637500,DUP-,9.000000,DV,OFF,88.5Hz,YES,Approximate,52.172200,-0.872500,0:00
15,UK,WORTHING,SE,GB7JH  B,GB7JH  G,439.712500,DUP-,9.000000,DV,OFF,88.5Hz,YES,Approximate,50.814100,-0.373200,0:00
15,UK,LANCASTER,NOR,GB7LF  B,GB7LF  G,439.537500,DUP-,9.000000,DV,OFF,88.5Hz,YES,Approximate,54.032500,-2.763200,0:00
15,UK,BURY LANCS,NOR,GB7MA  C,GB7MA  G,145.600000,DUP-,0.600000,DV,OFF,88.5Hz,YES,Approximate,53.616300,-2.254000,0:00
15,UK,ST AUSTELL,SW,GB7MC  B,GB7MC  G,439.537500,DUP-,9.000000,DV,OFF,88.5Hz,YES,Approximate,50.381900,-4.828200,0:00
15,UK,WEST SUSSEX,SE,GB7MH  B,GB7MH  G,439.637500,DUP-,9.000000,DV,OFF,88.5Hz,YES,Approximate,51.102200,-0.091000,0:00
15,UK,TRING HERTS,SW,GB7ML  C,GB7ML  G,145.637500,DUP-,0.600000,DV,OFF,88.5Hz,YES,Approximate,51.767900,-0.689700,0:00
15,UK,WESTBOURNE,SW,GB7MM  C,GB7MM  G,145.700000,DUP-,0.600000,DV,OFF,88.5Hz,YES,Approximate,50.724100,-1.906600,0:00
15,UK,NORWICH,SE,GB7NB  B,GB7NB  G,439.687500,DUP-,9.000000,DV,OFF,88.5Hz,YES,Approximate,52.574800,1.331500,0:00
15,UK,LYNEMOUTH,NOR,GB7NE  B,GB7NE  G,439.450000,DUP-,9.000000,DV,OFF,88.5Hz,YES,Approximate,55.204800,-1.520400,0:00
15,UK,CARRICKFERGUS,NI,GB7NI  C,GB7NI  G,145.750000,DUP-,0.600000,DV,OFF,88.5Hz,YES,Approximate,54.763800,-5.846300,0:00
15,UK,SIDMOUTH,SW,GB7NL  B,GB7NL  G,439.462500,DUP-,9.000000,DV,OFF,88.5Hz,YES,Approximate,50.687800,-3.218600,0:00
15,UK,MANCHESTER,NOR,GB7NM  B,GB7NM  G,439.462500,DUP-,9.000000,DV,OFF,88.5Hz,YES,Approximate,53.542900,-2.273100,0:00
15,UK,SHERINGHAM,SE,GB7NU  B,GB7NU  G,439.537500,DUP-,9.000000,DV,OFF,88.5Hz,YES,Approximate,52.940700,1.208800,0:00
15,UK,BROMLEY KENT,SE,GB7OK  C,GB7OK  G,145.712500,DUP-,0.600000,DV,OFF,88.5Hz,YES,Approximate,51.358100,0.148700,0:00
15,UK,DURHAM,NOR,GB7PB  C,GB7PB  G,145.662500,DUP-,0.600000,DV,OFF,88.5Hz,YES,Approximate,54.811900,-1.572600,0:00
15,UK,BARKWAY,SE,GB7PI  B,GB7PI  G,439.912500,DUP-,9.000000,DV,OFF,88.5Hz,YES,Approximate,52.009700,-0.001800,0:00
15,UK,LLANTRISANT,WM,GB7RB  C,GB7RB  G,145.675000,DUP-,0.600000,DV,OFF,88.5Hz,YES,Approximate,51.542800,-3.374900,0:00
15,UK,WHITBY,NOR,GB7RW  C,GB7RW  G,145.600000,DUP-,0.600000,DV,OFF,88.5Hz,YES,Approximate,54.426300,-0.565600,0:00
15,UK,SHEFFIELD,NOR,GB7SF  B,GB7SF  G,439.737500,DUP-,9.000000,DV,OFF,88.5Hz,YES,Approximate,53.419900,-1.443500,0:00
15,UK,SHEFFIELD,NOR,GB7SF  C,GB7SF  G,145.737500,DUP-,0.600000,DV,OFF,88.5Hz,YES,Approximate,53.419900,-1.443500,0:00
15,UK,ROTHERHAM,NOR,GB7SH  B,GB7SH  G,439.687500,DUP-,9.000000,DV,OFF,88.5Hz,YES,Approximate,53.310000,-1.234900,0:00
15,UK,HOCKLEY,SE,GB7SS  B,GB7SS  G,439.737500,DUP-,9.000000,DV,OFF,88.5Hz,YES,Approximate,51.601100,0.653100,0:00
15,UK,HUDDERSFIELD,NOR,GB7TD  B,GB7TD  G,439.162500,DUP-,9.000000,DV,OFF,88.5Hz,YES,Approximate,53.637800,-1.655100,0:00
15,UK,NEW MARSKE,NOR,GB7TV  B,GB7TV  G,439.475000,DUP-,9.000000,DV,OFF,88.5Hz,YES,Approximate,54.578200,-1.044200,0:00
15,UK,LUDLOW,WM,GB7VO  B,GB7VO  G,439.700000,DUP-,9.000000,DV,OFF,88.5Hz,YES,Approximate,52.335200,-2.770300,0:00
15,UK,WESTON-S-MARE,SW,GB7WB  B,GB7WB  G,439.487500,DUP-,9.000000,DV,OFF,88.5Hz,YES,Approximate,51.317300,-2.950600,0:00
15,UK,WARRINGTON,NOR,GB7WC  B,GB7WC  G,439.487500,DUP-,9.000000,DV,OFF,88.5Hz,YES,Approximate,53.342800,-2.637800,0:00
15,UK,BEWDLEY,WM,GB7WF  B,GB7WF  G,439.487500,DUP-,9.000000,DV,OFF,88.5Hz,YES,Approximate,52.377500,-2.329700,0:00
15,UK,BIRKENHEAD,NOR,GB7WP  B,GB7WP  G,439.912500,DUP-,9.000000,DV,OFF,88.5Hz,YES,Approximate,53.384200,-3.090600,0:00
15,UK,OMAGH N.I,NI,GB7WT  B,GB7WT  G,439.600000,DUP-,9.000000,DV,OFF,88.5Hz,YES,Approximate,54.685500,-7.395400,0:00
15,UK,BARNSLEY,NOR,GB7YD  B,GB7YD  G,439.512500,DUP-,9.000000,DV,OFF,88.5Hz,YES,Approximate,53.585700,-1.358100,0:00
15,UK,BARNSLEY,NOR,GB7YD  C,GB7YD  G,145.675000,DUP-,0.600000,DV,OFF,88.5Hz,YES,Approximate,53.585700,-1.358100,0:00
15,UK,DANBURY,SE,GB7ZP  B,GB7ZP  G,439.487500,DUP-,9.000000,DV,OFF,88.5Hz,YES,Approximate,51.717300,0.584100,0:00
16,USA Midwest,Dallas,TX,K5TIT  B,K5TIT  G,442.000000,DUP+,5.000000,DV,OFF,88.5Hz,NO,Approximate,32.780000,-96.803667,-6:00
17,USA Northeast,Dayton,OH,W8HEQ  B,W8HEQ  G,444.087500,DUP+,5.000000,DV,OFF,88.5Hz,NO,Approximate,39.848167,-84.099333,-5:00
17,USA Northeast,Dayton,OH,W8RTL  B,W8RTL  G,443.050000,DUP+,5.000000,DV,OFF,88.5Hz,NO,Approximate,39.595667,-83.895167,-5:00
18,USA Southeast,Tampa,FL,W4RNT  B,W4RNT  G,444.812500,DUP+,5.000000,DV,OFF,88.5Hz,NO,Approximate,28.001167,-82.431833,-5:00
18,USA Southeast,Stone Mountain,GA,WX4GPB B,WX4GPB G,440.700000,DUP+,5.000000,DV,OFF,88.5Hz,NO,Approximate,33.805167,-84.144333,-5:00
19,USA West,Kirkland (ICOM),WA,N7IH   B,N7IH   G,443.575000,DUP+,5.000000,DV,OFF,88.5Hz,NO,Approximate,47.712100,-122.156183,-8:00
20,Simplex,2m Calling,,,,145.375000,OFF,0.000000,DV,OFF,88.5Hz,YES,None,0.000000,0.000000,--:--
20,Simplex,2m Calling-UK,,,,144.612500,OFF,0.000000,DV,OFF,88.5Hz,YES,None,0.000000,0.000000,--:--
20,Simplex,70cm Calling,,,,433.450000,OFF,0.000000,DV,OFF,88.5Hz,YES,None,0.000000,0.000000,--:--
20,Simplex,70cm Calling-UK,,,,438.612500,OFF,0.000000,DV,OFF,88.5Hz,YES,None,0.000000,0.000000,--:--
21,UK(FM),ALVESTON,SW,GB3AA,,145.662500,DUP-,0.600000,FM,TONE,94.8Hz,YES,Approximate,51.591600,-2.539400,0:00
21,UK(FM),LYDNEY GLOS,SW,GB3AC,,430.975000,DUP+,7.600000,FM,TONE,94.8Hz,YES,Approximate,51.720100,-2.473600,0:00
21,UK(FM),EAST DEREHAM,SE,GB3AH,,433.275000,DUP+,1.600000,FM,TONE,94.8Hz,YES,Approximate,52.656600,0.843200,0:00
21,UK(FM),AMERSHAM,SW,GB3AL,,145.737500,DUP-,0.600000,FM,TONE,77.0Hz,YES,Approximate,51.650200,-0.616800,0:00
21,UK(FM),ANGLESEY,WM,GB3AN,,433.200000,DUP+,1.600000,FM,TONE,110.9Hz,YES,Approximate,53.390600,-4.301100,0:00
21,UK(FM),CARLISLE,NOR,GB3AS,,145.600000,DUP-,0.600000,FM,TONE,77.0Hz,YES,Approximate,54.761600,-3.031500,0:00
21,UK(FM),AMERSHAM,SW,GB3AU,,433.175000,DUP+,1.600000,FM,TONE,82.5Hz,YES,Approximate,51.650200,-0.616800,0:00
21,UK(FM),AYLESBURY,SW,GB3AV,,433.050000,DUP+,1.600000,FM,TONE,88.5Hz,YES,Approximate,51.814100,-0.813300,0:00
21,UK(FM),NEWBURY,SW,GB3AW,,433.250000,DUP+,1.600000,FM,TONE,71.9Hz,YES,Approximate,51.317800,-1.403000,0:00
21,UK(FM),ALVESTON,SW,GB3AZ,,433.000000,DUP+,1.600000,FM,TONE,94.8Hz,YES,Approximate,51.591600,-2.539400,0:00
21,UK(FM),BRECON,WM,GB3BB,,145.700000,DUP-,0.600000,FM,TONE,94.8Hz,YES,Approximate,51.967600,-3.340600,0:00
21,UK(FM),PONTYPRIDD,WM,GB3BC,,145.750000,DUP-,0.600000,FM,TONE,94.8Hz,YES,Approximate,51.611900,-3.303300,0:00
21,UK(FM),BERWICKSHIRE,SCOT,GB3BE,,430.862500,DUP+,7.600000,FM,TONE,118.8Hz,YES,Approximate,55.783100,-2.417300,0:00
21,UK(FM),BEDFORD,MIDL,GB3BF,,145.787500,DUP-,0.600000,FM,TONE,77.0Hz,YES,Approximate,52.151000,-0.477000,0:00
21,UK(FM),INVERNESS,SCOT,GB3BI,,145.725000,DUP-,0.600000,FM,TONE,67.0Hz,YES,Approximate,57.445000,-3.870600,0:00
21,UK(FM),BEDFORD,MIDL,GB3BL,,433.175000,DUP+,1.600000,FM,TONE,77.0Hz,YES,Approximate,52.141600,-0.442200,0:00
21,UK(FM),BIRMINGHAM,MIDL,GB3BM,,145.712500,DUP-,0.600000,FM,TONE,67.0Hz,YES,Approximate,52.464500,-1.888400,0:00
21,UK(FM),BRACKNELL,SW,GB3BN,,433.000000,DUP+,1.600000,FM,TONE,118.8Hz,YES,Approximate,51.413800,-0.796400,0:00
21,UK(FM),BRIGHTON,SE,GB3BR,,433.150000,DUP+,1.600000,FM,TONE,88.5Hz,YES,Approximate,50.830200,-0.115700,0:00
21,UK(FM),BRISTOL,SW,GB3BS,,430.850000,DUP+,7.600000,FM,TONE,118.8Hz,YES,Approximate,51.430500,-2.409100,0:00
21,UK(FM),BRECON,WM,GB3BU,,430.975000,DUP+,7.600000,FM,TONE,94.8Hz,YES,Approximate,51.944700,-3.379900,0:00
21,UK(FM),HEMELHEMPSTEAD,SE,GB3BV,,433.025000,DUP+,1.600000,FM,TONE,82.5Hz,YES,Approximate,51.725200,-0.432000,0:00
21,UK(FM),WOLVERHAMPTON,MIDL,GB3BX,,145.675000,DUP-,0.600000,FM,TONE,67.0Hz,YES,Approximate,52.630700,-2.082000,0:00
21,UK(FM),BRAINTREE,SE,GB3BZ,,430.850000,DUP+,7.600000,FM,TONE,110.9Hz,YES,Approximate,51.929400,0.530900,0:00
21,UK(FM),CARLISLE,NOR,GB3CA,,433.325000,DUP+,1.600000,FM,TONE,77.0Hz,YES,Approximate,54.816400,-2.827300,0:00
21,UK(FM),BIRMINGHAM,MIDL,GB3CB,,433.350000,DUP+,1.600000,FM,TONE,67.0Hz,YES,Approximate,52.464500,-1.888400,0:00
21,UK(FM),CHICHESTER,SE,GB3CC,,430.962500,DUP+,7.600000,FM,TONE,88.5Hz,YES,Approximate,50.841500,-0.842800,0:00
21,UK(FM),DURHAM,NOR,GB3CD,,145.687500,DUP-,0.600000,FM,TONE,118.8Hz,YES,Approximate,54.734900,-1.745300,0:00
21,UK(FM),COLCHESTER,SE,GB3CE,,433.350000,DUP+,1.600000,FM,TONE,110.9Hz,YES,Approximate,51.911200,0.898400,0:00
21,UK(FM),LEICESTERSHIRE,MIDL,GB3CF,,145.600000,DUP-,0.600000,FM,TONE,77.0Hz,YES,Approximate,52.762600,-1.279100,0:00
21,UK(FM),LISKEARD,SW,GB3CH,,433.050000,DUP+,1.600000,FM,TONE,77.0Hz,YES,Approximate,50.509600,-4.439300,0:00
21,UK(FM),CORBY,MIDL,GB3CI,,433.050000,DUP+,1.600000,FM,TONE,77.0Hz,YES,Approximate,52.511200,-0.682000,0:00
21,UK(FM),CHARING KENT,SE,GB3CK,,433.000000,DUP+,1.600000,FM,TONE,103.5Hz,YES,Approximate,51.226700,0.788500,0:00
21,UK(FM),CLACTON,SE,GB3CL,,433.225000,DUP+,1.600000,FM,TONE,103.5Hz,YES,Approximate,51.809000,1.215000,0:00
21,UK(FM),CARMARTHEN,WM,GB3CM,,433.200000,DUP+,1.600000,FM,TONE,94.8Hz,YES,Approximate,51.923300,-4.219100,0:00
21,UK(FM),CORBY,MIDL,GB3CO,,145.662500,DUP-,0.600000,FM,TONE,77.0Hz,YES,Approximate,52.511200,-0.682000,0:00
21,UK(FM),MOLD,WM,GB3CR,,433.150000,DUP+,1.600000,FM,TONE,110.9Hz,YES,Approximate,53.105500,-3.052800,0:00
21,UK(FM),KILSYTH,SCOT,GB3CS,,145.750000,DUP-,0.600000,FM,TONE,103.5Hz,YES,Approximate,55.997500,-4.037500,0:00
21,UK(FM),COVENTRY,MIDL,GB3CV,,433.225000,DUP+,1.600000,FM,TONE,67.0Hz,YES,Approximate,52.431400,-1.445900,0:00
21,UK(FM),MID WALES,WM,GB3CW,,433.100000,DUP+,1.600000,FM,TONE,103.5Hz,YES,Approximate,52.477300,-3.399600,0:00
21,UK(FM),YORK,NOR,GB3CY,,433.325000,DUP+,1.600000,FM,TONE,88.5Hz,YES,Approximate,53.932900,-1.110500,0:00
21,UK(FM),DERBY,MIDL,GB3DC,,145.687500,DUP-,0.600000,FM,TONE,71.9Hz,YES,Approximate,52.935400,-1.436100,0:00
21,UK(FM),DUNDEE,SCOT,GB3DD,,433.250000,DUP+,1.600000,FM,TONE,94.8Hz,YES,Approximate,56.504700,-2.965800,0:00
21,UK(FM),IPSWICH,SE,GB3DE,,433.175000,DUP+,1.600000,FM,TONE,110.9Hz,YES,Approximate,52.237200,1.101100,0:00
21,UK(FM),SW SCOTLAND,SCOT,GB3DG,,145.775000,DUP-,0.600000,FM,TONE,103.5Hz,YES,Approximate,54.893600,-4.302800,0:00
21,UK(FM),DIDCOT OXON.,SW,GB3DI,,433.150000,DUP+,1.600000,FM,TONE,118.8Hz,YES,Approximate,51.581700,-1.317300,0:00
21,UK(FM),DUMBARTON,SCOT,GB3DM,,430.925000,DUP+,7.600000,FM,TONE,103.5Hz,YES,Approximate,55.952000,-4.524000,0:00
21,UK(FM),NORTH DEVON,SW,GB3DN,,145.637500,DUP-,0.600000,FM,TONE,77.0Hz,YES,Approximate,50.924600,-4.259100,0:00
21,UK(FM),POLPERRO,SW,GB3DQ,,430.975000,DUP+,7.600000,FM,TONE,77.0Hz,YES,Approximate,50.338800,-4.511800,0:00
21,UK(FM),DORCHESTER,SW,GB3DR,,145.737500,DUP-,0.600000,FM,TONE,71.9Hz,YES,Approximate,50.671100,-2.457200,0:00
21,UK(FM),WORKSOP,MIDL,GB3DS,,433.325000,DUP+,1.600000,FM,TONE,71.9Hz,YES,Approximate,53.302500,-1.126600,0:00
21,UK(FM),DORSET,SW,GB3DT,,433.000000,DUP+,1.600000,FM,TONE,71.9Hz,YES,Approximate,50.870500,-2.120700,0:00
21,UK(FM),MALTBY,NOR,GB3DV,,433.025000,DUP+,1.600000,FM,TONE,71.9Hz,YES,Approximate,53.424800,-1.191800,0:00
21,UK(FM),LONDONDERRY,NI,GB3DX,,433.300000,DUP+,1.600000,FM,TONE,110.9Hz,YES,Approximate,55.010100,-7.364300,0:00
21,UK(FM),WIRKSWORTH,MIDL,GB3DY,,433.250000,DUP+,1.600000,FM,TONE,71.9Hz,YES,Approximate,53.060800,-1.546300,0:00
21,UK(FM),WICKHAMBROOK,SE,GB3EA,,145.687500,DUP-,0.600000,FM,TONE,110.9Hz,YES,Approximate,52.190700,0.547200,0:00
21,UK(FM),EDINBURGH,SCOT,GB3ED,,433.350000,DUP+,1.600000,FM,TONE,94.8Hz,YES,Approximate,55.933300,-3.214800,0:00
21,UK(FM),CHESTERFIELD,MIDL,GB3EE,,433.300000,DUP+,1.600000,FM,TONE,71.9Hz,YES,Approximate,53.194500,-1.489500,0:00
21,UK(FM),EDGE HILL,SW,GB3EH,,433.200000,DUP+,1.600000,FM,TONE,67.0Hz,YES,Approximate,52.108500,-1.474300,0:00
21,UK(FM),MARGATE,SE,GB3EK,,430.887500,DUP+,7.600000,FM,TONE,103.5Hz,YES,Approximate,51.381300,1.404500,0:00
21,UK(FM),E LONDON,SE,GB3EL,,145.600000,DUP-,0.600000,FM,TONE,82.5Hz,YES,Approximate,51.532700,0.040100,0:00
21,UK(FM),WALTHAM,MIDL,GB3EM,,433.025000,DUP+,1.600000,FM,TONE,77.0Hz,YES,Approximate,52.812500,-0.810800,0:00
21,UK(FM),CHELMSFORD,SE,GB3ER,,433.075000,DUP+,1.600000,FM,TONE,110.9Hz,YES,Approximate,51.715700,0.574400,0:00
21,UK(FM),BASINGSTOKE,SW,GB3ET,,433.325000,DUP+,1.600000,FM,TONE,71.9Hz,YES,Approximate,51.291800,-1.163100,0:00
21,UK(FM),EXETER,SW,GB3EW,,145.612500,DUP-,0.600000,FM,TONE,77.0Hz,YES,Approximate,50.738700,-3.522500,0:00
21,UK(FM),SUFFOLK,SE,GB3EZ,,430.975000,DUP+,7.600000,FM,TONE,110.9Hz,YES,Approximate,52.190700,0.547200,0:00
21,UK(FM),BLACKPOOL,NOR,GB3FC,,430.850000,DUP+,7.600000,FM,TONE,82.5Hz,YES,Approximate,53.858800,-3.047500,0:00
21,UK(FM),STIRLING,SCOT,GB3FE,,145.662500,DUP-,0.600000,FM,TONE,103.5Hz,YES,Approximate,56.107300,-3.846000,0:00
21,UK(FM),KELTY FIFE,SCOT,GB3FF,,145.600000,DUP-,0.600000,FM,TONE,103.5Hz,YES,Approximate,56.120000,-3.467200,0:00
21,UK(FM),SOMERSET,SW,GB3FI,,430.925000,DUP+,7.600000,FM,TONE,77.0Hz,YES,Approximate,51.297800,-2.809700,0:00
21,UK(FM),FOLKESTONE,SE,GB3FK,,145.750000,DUP-,0.600000,FM,TONE,103.5Hz,YES,Approximate,51.088200,1.173100,0:00
21,UK(FM),FARNHAM,SE,GB3FN,,433.375000,DUP+,1.600000,FM,TONE,82.5Hz,YES,Approximate,51.237900,-0.825300,0:00
21,UK(FM),SPILSBY LINCS.,MIDL,GB3FR,,145.775000,DUP-,0.600000,FM,TONE,71.9Hz,YES,Approximate,53.191500,0.020500,0:00
21,UK(FM),BIRMINGHAM,MIDL,GB3GB,,433.300000,DUP+,1.600000,FM,TONE,67.0Hz,YES,Approximate,52.566300,-1.905500,0:00
21,UK(FM),GUILDFORD,SE,GB3GF,,433.300000,DUP+,1.600000,FM,TONE,88.5Hz,YES,Approximate,51.229800,-0.582100,0:00
21,UK(FM),GLOUCESTER,SW,GB3GH,,433.125000,DUP+,1.600000,FM,TONE,118.8Hz,YES,Approximate,51.868300,-2.175500,0:00
21,UK(FM),JERSEY,SW,GB3GJ,,145.637500,DUP-,0.600000,FM,TONE,71.9Hz,YES,Approximate,49.194100,-2.115700,0:00
21,UK(FM),GLASGOW,SCOT,GB3GL,,430.900000,DUP+,7.600000,FM,TONE,103.5Hz,YES,Approximate,55.849800,-4.102800,0:00
21,UK(FM),LLANDUDNO,WM,GB3GO,,145.787500,DUP-,0.600000,FM,TONE,110.9Hz,YES,Approximate,53.332300,-3.854800,0:00
21,UK(FM),GUERNSEY,SW,GB3GU,,433.325000,DUP+,1.600000,FM,TONE,71.9Hz,YES,Approximate,49.457200,-2.536800,0:00
21,UK(FM),GRIMSBY,MIDL,GB3GY,,433.275000,DUP+,1.600000,FM,TONE,88.5Hz,YES,Approximate,53.571800,-0.070500,0:00
21,UK(FM),HEXHAM,NOR,GB3HA,,145.750000,DUP-,0.600000,FM,TONE,118.8Hz,YES,Approximate,55.032300,-2.027600,0:00
21,UK(FM),ST AUSTELL,SW,GB3HB,,433.375000,DUP+,1.600000,FM,TONE,77.0Hz,YES,Approximate,50.382100,-4.826300,0:00
21,UK(FM),HEREFORD,WM,GB3HC,,433.150000,DUP+,1.600000,FM,TONE,118.8Hz,YES,Approximate,52.060800,-2.697100,0:00
21,UK(FM),HASTINGS,SE,GB3HE,,433.350000,DUP+,1.600000,FM,TONE,103.5Hz,YES,Approximate,50.879900,0.591700,0:00
21,UK(FM),BUXTON,MIDL,GB3HH,,145.700000,DUP-,0.600000,FM,TONE,71.9Hz,YES,Approximate,53.225000,-1.907900,0:00
21,UK(FM),ISLE OF MULL,SCOT,GB3HI,,145.700000,DUP-,0.600000,FM,TONE,103.5Hz,YES,Approximate,56.458200,-5.729700,0:00
21,UK(FM),HARROGATE,NOR,GB3HJ,,433.025000,DUP+,1.600000,FM,TONE,118.8Hz,YES,Approximate,54.064700,-1.654300,0:00
21,UK(FM),SELKIRK,SCOT,GB3HK,,433.050000,DUP+,1.600000,FM,TONE,118.8Hz,YES,Approximate,55.555700,-2.794200,0:00
21,UK(FM),HITCHIN,SE,GB3HN,,433.275000,DUP+,1.600000,FM,TONE,82.5Hz,YES,Approximate,51.928500,-0.248900,0:00
21,UK(FM),HARROWWEALDCOMM,SE,GB3HR,,433.350000,DUP+,1.600000,FM,TONE,82.5Hz,YES,Approximate,51.623000,-0.356600,0:00
21,UK(FM),HINCKLEY,MIDL,GB3HT,,433.275000,DUP+,1.600000,FM,TONE,77.0Hz,YES,Approximate,52.544900,-1.371800,0:00
21,UK(FM),ROMFORD,SE,GB3HW,,433.325000,DUP+,1.600000,FM,TONE,110.9Hz,YES,Approximate,51.583500,0.211300,0:00
21,UK(FM),HAYWARDS HTH,SE,GB3HY,,433.125000,DUP+,1.600000,FM,TONE,88.5Hz,YES,Approximate,50.991700,-0.093400,0:00
21,UK(FM),WOLVERHAMPTON,MIDL,GB3IC,,433.125000,DUP+,1.600000,FM,TONE,67.0Hz,YES,Approximate,52.600800,-2.099400,0:00
21,UK(FM),PLYMOUTH,SW,GB3IE,,430.850000,DUP+,7.600000,FM,TONE,77.0Hz,YES,Approximate,50.389600,-4.110300,0:00
21,UK(FM),STORNOWAY,SCOT,GB3IG,,145.775000,DUP-,0.600000,FM,TONE,88.5Hz,YES,Approximate,58.180800,-6.584500,0:00
21,UK(FM),IPSWICH,SE,GB3IH,,433.100000,DUP+,1.600000,FM,TONE,110.9Hz,YES,Approximate,52.057300,1.197400,0:00
21,UK(FM),ROCHESTER,SE,GB3IK,,145.762500,DUP-,0.600000,FM,TONE,103.5Hz,YES,Approximate,51.403500,0.488700,0:00
21,UK(FM),CARNANE IOM,NOR,GB3IM C,,430.825000,DUP+,7.600000,FM,TONE,110.9Hz,YES,Approximate,54.140600,-4.493100,0:00
21,UK(FM),RAMSEY IOM,NOR,GB3IM R,,430.825000,DUP+,7.600000,FM,TONE,71.9Hz,YES,Approximate,54.361400,-4.386000,0:00
21,UK(FM),SNAEFELL IOM,NOR,GB3IM S,,433.125000,DUP+,1.600000,FM,TONE,110.9Hz,YES,Approximate,54.263900,-4.461000,0:00
21,UK(FM),STAFFORD,MIDL,GB3IP,,145.762500,DUP-,0.600000,FM,TONE,103.5Hz,YES,Approximate,52.769400,-2.157100,0:00
21,UK(FM),RICHMOND YORKS,NOR,GB3IR,,145.762500,DUP-,0.600000,FM,TONE,88.5Hz,YES,Approximate,54.412300,-1.745700,0:00
21,UK(FM),ISLE OF SKYE,SCOT,GB3IS,,145.750000,DUP-,0.600000,FM,TONE,88.5Hz,YES,Approximate,57.466800,-6.703200,0:00
21,UK(FM),ISLE OF WIGHT,SW,GB3IW,,433.225000,DUP+,1.600000,FM,TONE,71.9Hz,YES,Approximate,50.611000,-1.239800,0:00
21,UK(FM),LISKEARD,SW,GB3JL,,145.787500,DUP-,0.600000,FM,TONE,77.0Hz,YES,Approximate,50.509600,-4.439300,0:00
21,UK(FM),KILMARNOCK,SCOT,GB3KA,,433.075000,DUP+,1.600000,FM,TONE,103.5Hz,YES,Approximate,55.588400,-4.324400,0:00
21,UK(FM),KIDDERMINSTER,WM,GB3KD,,145.787500,DUP-,0.600000,FM,TONE,118.8Hz,YES,Approximate,52.400600,-2.252700,0:00
21,UK(FM),NW GLASGOW,SCOT,GB3KE,,145.687500,DUP-,0.600000,FM,TONE,103.5Hz,YES,Approximate,55.915300,-4.307700,0:00
21,UK(FM),BALLYCASTLE,NI,GB3KK,,430.975000,DUP+,7.600000,FM,TONE,110.9Hz,YES,Approximate,55.191800,-6.243400,0:00
21,UK(FM),KINGS LYNN,SE,GB3KL,,433.100000,DUP+,1.600000,FM,TONE,94.8Hz,YES,Approximate,52.712600,0.420500,0:00
21,UK(FM),MAIDSTONE,SE,GB3KN,,145.700000,DUP-,0.600000,FM,TONE,103.5Hz,YES,Approximate,51.308400,0.578300,0:00
21,UK(FM),KIDDERMINSTER,WM,GB3KR,,433.075000,DUP+,1.600000,FM,TONE,67.0Hz,YES,Approximate,52.413200,-2.267500,0:00
21,UK(FM),DOVER,SE,GB3KS,,145.625000,DUP-,0.600000,FM,TONE,103.5Hz,YES,Approximate,51.144600,1.316800,0:00
21,UK(FM),KILSYTH,SCOT,GB3KV,,430.975000,DUP+,7.600000,FM,TONE,103.5Hz,YES,Approximate,55.997500,-4.037500,0:00
21,UK(FM),SOUTHSCOT,SCOT,GB3LA,,145.712500,DUP-,0.600000,FM,TONE,103.5Hz,YES,Approximate,55.377600,-3.753700,0:00
21,UK(FM),BORDERS,SCOT,GB3LB,,145.787500,DUP-,0.600000,FM,TONE,118.8Hz,YES,Approximate,55.778900,-2.881600,0:00
21,UK(FM),LOUTH LINCS,MIDL,GB3LC,,433.225000,DUP+,1.600000,FM,TONE,71.9Hz,YES,Approximate,53.324900,-0.119500,0:00
21,UK(FM),LANCASTER,NOR,GB3LD,,145.675000,DUP-,0.600000,FM,TONE,110.9Hz,YES,Approximate,54.032500,-2.763200,0:00
21,UK(FM),LEICESTER,MIDL,GB3LE,,433.100000,DUP+,1.600000,FM,TONE,77.0Hz,YES,Approximate,52.692800,-1.282400,0:00
21,UK(FM),KENDAL,NOR,GB3LF,,433.350000,DUP+,1.600000,FM,TONE,110.9Hz,YES,Approximate,54.321300,-2.704800,0:00
21,UK(FM),SHREWSBURY,WM,GB3LH,,433.375000,DUP+,1.600000,FM,TONE,103.5Hz,YES,Approximate,52.655000,-2.785000,0:00
21,UK(FM),LIVERPOOL,NOR,GB3LI,,433.250000,DUP+,1.600000,FM,TONE,82.5Hz,YES,Approximate,53.460900,-3.013600,0:00
21,UK(FM),LLANDUDNO,WM,GB3LL,,433.000000,DUP+,1.600000,FM,TONE,110.9Hz,YES,Approximate,53.332300,-3.854800,0:00
21,UK(FM),NEWHAVEN,SE,GB3LR,,430.862500,DUP+,7.600000,FM,TONE,88.5Hz,YES,Approximate,50.783200,0.054100,0:00
21,UK(FM),LINCOLN,MIDL,GB3LS,,433.050000,DUP+,1.600000,FM,TONE,71.9Hz,YES,Approximate,53.234200,-0.536200,0:00
21,UK(FM),LUTON,MIDL,GB3LT,,433.250000,DUP+,1.600000,FM,TONE,77.0Hz,YES,Approximate,51.911600,-0.457500,0:00
21,UK(FM),SHETLAND,SCOT,GB3LU,,145.675000,DUP-,0.600000,FM,TONE,77.0Hz,YES,Approximate,60.144500,-1.206500,0:00
21,UK(FM),NORTH LONDON,SE,GB3LV,,433.050000,DUP+,1.600000,FM,TONE,82.5Hz,YES,Approximate,51.652500,-0.081800,0:00
21,UK(FM),CENTRAL LONDON,SE,GB3LW,,433.150000,DUP+,1.600000,FM,TONE,82.5Hz,YES,Approximate,51.507300,-0.110900,0:00
21,UK(FM),BURY,NOR,GB3MA,,433.025000,DUP+,1.600000,FM,TONE,82.5Hz,YES,Approximate,53.616000,-2.253900,0:00
21,UK(FM),MANSFIELD,MIDL,GB3MD,,430.850000,DUP+,7.600000,FM,TONE,71.9Hz,YES,Approximate,53.129700,-1.160000,0:00
21,UK(FM),RUGBY,MIDL,GB3ME,,433.150000,DUP+,1.600000,FM,TONE,67.0Hz,YES,Approximate,52.375200,-1.240500,0:00
21,UK(FM),MACCLESFIELD,NOR,GB3MF,,433.050000,DUP+,1.600000,FM,TONE,103.5Hz,YES,Approximate,53.283300,-2.094300,0:00
21,UK(FM),SOUTH WALES,WM,GB3MG,,430.900000,DUP+,7.600000,FM,TONE,94.8Hz,YES,Approximate,51.611900,-3.303300,0:00
21,UK(FM),W SUSSEX,SE,GB3MH,,145.625000,DUP-,0.600000,FM,TONE,88.5Hz,YES,Approximate,51.102200,-0.090900,0:00
21,UK(FM),MILTON KEYNES,SW,GB3MK,,433.000000,DUP+,1.600000,FM,TONE,77.0Hz,YES,Approximate,52.043800,-0.759100,0:00
21,UK(FM),DENBIGH,WM,GB3MP,,145.750000,DUP-,0.600000,FM,TONE,110.9Hz,YES,Approximate,53.220700,-3.314900,0:00
21,UK(FM),STOCKPORT,NOR,GB3MR,,433.350000,DUP+,1.600000,FM,TONE,82.5Hz,YES,Approximate,53.329400,-2.041300,0:00
21,UK(FM),WORCESTER,WM,GB3MS,,433.175000,DUP+,1.600000,FM,TONE,67.0Hz,YES,Approximate,52.192600,-2.181600,0:00
21,UK(FM),LEAMINGTONSPA,MIDL,GB3MW,,433.250000,DUP+,1.600000,FM,TONE,67.0Hz,YES,Approximate,52.301300,-1.510700,0:00
21,UK(FM),BOLTON,NOR,GB3MY,,433.300000,DUP+,1.600000,FM,TONE,82.5Hz,YES,Approximate,53.544200,-2.527100,0:00
21,UK(FM),BARNSLEY,NOR,GB3NA,,145.612500,DUP-,0.600000,FM,TONE,71.9Hz,YES,Approximate,53.566500,-1.404400,0:00
21,UK(FM),BIDEFORD,SW,GB3ND,,433.350000,DUP+,1.600000,FM,TONE,77.0Hz,YES,Approximate,51.010900,-4.223400,0:00
21,UK(FM),NOTTINGHAM,MIDL,GB3NF,,145.625000,DUP-,0.600000,FM,TONE,77.0Hz,YES,Approximate,52.980000,-1.132900,0:00
21,UK(FM),NORTHAMPTON,MIDL,GB3NH,,433.075000,DUP+,1.600000,FM,TONE,77.0Hz,YES,Approximate,52.241600,-0.894100,0:00
21,UK(FM),BELFAST N.I.,NI,GB3NI,,145.725000,DUP-,0.600000,FM,TONE,110.9Hz,YES,Approximate,54.617600,-5.810700,0:00
21,UK(FM),ERITH,SE,GB3NK,,433.100000,DUP+,1.600000,FM,TONE,103.5Hz,YES,Approximate,51.471200,0.155400,0:00
21,UK(FM),NORTH LONDON,SE,GB3NL,,145.775000,DUP-,0.600000,FM,TONE,82.5Hz,YES,Approximate,51.652500,-0.081800,0:00
21,UK(FM),NOTTINGHAM,MIDL,GB3NM,,433.175000,DUP+,1.600000,FM,TONE,71.9Hz,YES,Approximate,52.980000,-1.132900,0:00
21,UK(FM),WELLS NORFOLK,SE,GB3NN,,433.050000,DUP+,1.600000,FM,TONE,94.8Hz,YES,Approximate,52.910200,0.830000,0:00
21,UK(FM),NORTHAMPTON,MIDL,GB3NP,,430.887500,DUP+,7.600000,FM,TONE,77.0Hz,YES,Approximate,52.166500,-1.029000,0:00
21,UK(FM),NORWICH,SE,GB3NR,,433.000000,DUP+,1.600000,FM,TONE,94.8Hz,YES,Approximate,52.627800,1.284200,0:00
21,UK(FM),NEWCASTLE/TYNE,NOR,GB3NT,,433.000000,DUP+,1.600000,FM,TONE,118.8Hz,YES,Approximate,54.934900,-1.581700,0:00
21,UK(FM),SHERINGHAM,SE,GB3NU,,430.887500,DUP+,7.600000,FM,TONE,94.8Hz,YES,Approximate,52.940700,1.208800,0:00
21,UK(FM),WORCESTER,WM,GB3NW,,145.625000,DUP-,0.600000,FM,TONE,67.0Hz,YES,Approximate,52.192600,-2.181600,0:00
21,UK(FM),CRAWLEY,SE,GB3NX,,433.050000,DUP+,1.600000,FM,TONE,88.5Hz,YES,Approximate,51.094700,-0.119200,0:00
21,UK(FM),SOUTHPORT,NOR,GB3OA,,145.612500,DUP-,0.600000,FM,TONE,82.5Hz,YES,Approximate,53.648000,-3.000800,0:00
21,UK(FM),BONESS,SCOT,GB3OH,,433.100000,DUP+,1.600000,FM,TONE,94.8Hz,YES,Approximate,55.995700,-3.644900,0:00
21,UK(FM),BROMLEY,SE,GB3OK,,439.512500,DUP-,9.000000,FM,TONE,82.5Hz,YES,Approximate,51.358100,0.148700,0:00
21,UK(FM),OMAGH N.I,NI,GB3OM,,433.375000,DUP+,1.600000,FM,TONE,110.9Hz,YES,Approximate,54.674300,-7.209100,0:00
21,UK(FM),HUNTINGDON,MIDL,GB3OV,,433.125000,DUP+,1.600000,FM,TONE,94.8Hz,YES,Approximate,52.270900,-0.181200,0:00
21,UK(FM),OXFORD,SW,GB3OX,,433.300000,DUP+,1.600000,FM,TONE,118.8Hz,YES,Approximate,51.751900,-1.214800,0:00
21,UK(FM),BUCKHURST HILL,SE,GB3OY,,430.950000,DUP+,7.600000,FM,TONE,82.5Hz,YES,Approximate,51.624800,0.032300,0:00
21,UK(FM),PORTSMOUTH,SW,GB3PC,,145.775000,DUP-,0.600000,FM,TONE,71.9Hz,YES,Approximate,50.799700,-1.101700,0:00
21,UK(FM),ACCRINGTON,NOR,GB3PF,,433.000000,DUP+,1.600000,FM,TONE,82.5Hz,YES,Approximate,53.740900,-2.372000,0:00
21,UK(FM),PORTSMOUTH,SW,GB3PH,,433.050000,DUP+,1.600000,FM,TONE,71.9Hz,YES,Approximate,50.853300,-1.056600,0:00
21,UK(FM),BALLYCASTLE NI,NI,GB3PK,,145.662500,DUP-,0.600000,FM,TONE,110.9Hz,YES,Approximate,55.194700,-6.096400,0:00
21,UK(FM),IPSWICH,SE,GB3PO,,145.650000,DUP-,0.600000,FM,TONE,110.9Hz,YES,Approximate,52.057300,1.197400,0:00
21,UK(FM),PRESTON,NOR,GB3PP,,433.375000,DUP+,1.600000,FM,TONE,82.5Hz,YES,Approximate,53.791200,-2.705800,0:00
21,UK(FM),PERTH,SCOT,GB3PR,,145.675000,DUP-,0.600000,FM,TONE,94.8Hz,YES,Approximate,56.372500,-3.455100,0:00
21,UK(FM),PERTH,SCOT,GB3PU,,433.000000,DUP+,1.600000,FM,TONE,94.8Hz,YES,Approximate,56.372500,-3.455100,0:00
21,UK(FM),MID WALES,WM,GB3PW,,145.775000,DUP-,0.600000,FM,TONE,103.5Hz,YES,Approximate,52.477400,-3.399600,0:00
21,UK(FM),CAMBRIDGE,SE,GB3PY,,433.200000,DUP+,1.600000,FM,TONE,77.0Hz,YES,Approximate,52.215200,0.037600,0:00
21,UK(FM),DUKINFIELD,NOR,GB3PZ,,430.900000,DUP+,7.600000,FM,TONE,82.5Hz,YES,Approximate,53.468800,-2.069200,0:00
21,UK(FM),BOLSOVER,MIDL,GB3RB,,433.200000,DUP+,1.600000,FM,TONE,71.9Hz,YES,Approximate,53.230300,-1.291400,0:00
21,UK(FM),MAIDSTONE,SE,GB3RE,,433.275000,DUP+,1.600000,FM,TONE,103.5Hz,YES,Approximate,51.296700,0.600500,0:00
21,UK(FM),AXMINSTER,SW,GB3RH,,433.275000,DUP+,1.600000,FM,TONE,94.8Hz,YES,Approximate,50.765100,-2.958500,0:00
21,UK(FM),SELKIRK,SCOT,GB3SB,,145.650000,DUP-,0.600000,FM,TONE,118.8Hz,YES,Approximate,55.555700,-2.792600,0:00
21,UK(FM),WEYMOUTH,SW,GB3SD,,433.350000,DUP+,1.600000,FM,TONE,71.9Hz,YES,Approximate,50.671100,-2.457200,0:00
21,UK(FM),PONTYPOOL,WM,GB3SG,,433.375000,DUP+,1.600000,FM,TONE,94.8Hz,YES,Approximate,51.728200,-3.065500,0:00
21,UK(FM),SOUTHAMPTON,SW,GB3SH,,145.662500,DUP-,0.600000,FM,TONE,71.9Hz,YES,Approximate,50.911800,-1.399500,0:00
21,UK(FM),HELSTON,SW,GB3SI,,145.625000,DUP-,0.600000,FM,TONE,77.0Hz,YES,Approximate,50.110900,-5.270700,0:00
21,UK(FM),CANTERBURY,SE,GB3SK,,433.150000,DUP+,1.600000,FM,TONE,103.5Hz,YES,Approximate,51.298100,1.064000,0:00
21,UK(FM),STOKE ON TRENT,MIDL,GB3SM,,433.325000,DUP+,1.600000,FM,TONE,103.5Hz,YES,Approximate,53.036400,-1.913500,0:00
21,UK(FM),PEMBROKE,WM,GB3SP,,433.100000,DUP+,1.600000,FM,TONE,94.8Hz,YES,Approximate,51.672700,-4.833100,0:00
21,UK(FM),ELGIN MORAY,SCOT,GB3SS,,145.600000,DUP-,0.600000,FM,TONE,67.0Hz,YES,Approximate,57.610100,-2.965600,0:00
21,UK(FM),STOKE ON TRENT,MIDL,GB3ST,,433.225000,DUP+,1.600000,FM,TONE,103.5Hz,YES,Approximate,53.036400,-1.913500,0:00
21,UK(FM),SOUTHAMPTON,SW,GB3SU,,433.200000,DUP+,1.600000,FM,TONE,71.9Hz,YES,Approximate,50.911800,-1.399500,0:00
21,UK(FM),SIDMOUTH,SW,GB3SW,,145.712500,DUP-,0.600000,FM,TONE,77.0Hz,YES,Approximate,50.687800,-3.218600,0:00
21,UK(FM),BARNSLEY,NOR,GB3SY,,433.150000,DUP+,1.600000,FM,TONE,71.9Hz,YES,Approximate,53.566500,-1.404400,0:00
21,UK(FM),BOURNEMOUTH,SW,GB3SZ,,433.375000,DUP+,1.600000,FM,TONE,71.9Hz,YES,Approximate,50.724400,-1.867800,0:00
21,UK(FM),SWINDON,SW,GB3TD,,433.075000,DUP+,1.600000,FM,TONE,118.8Hz,YES,Approximate,51.487100,-1.700700,0:00
21,UK(FM),CLACTON,SE,GB3TE,,145.775000,DUP-,0.600000,FM,TONE,103.5Hz,YES,Approximate,51.809000,1.215000,0:00
21,UK(FM),LITTLE WENLOCK,WM,GB3TF,,433.200000,DUP+,1.600000,FM,TONE,103.5Hz,YES,Approximate,52.659800,-2.520700,0:00
21,UK(FM),TAMWORTH,MIDL,GB3TH,,433.375000,DUP+,1.600000,FM,TONE,67.0Hz,YES,Approximate,52.635200,-1.701500,0:00
21,UK(FM),SPALDING,MIDL,GB3TL,,433.350000,DUP+,1.600000,FM,TONE,71.9Hz,YES,Approximate,52.790600,-0.150000,0:00
21,UK(FM),TRING HERTS,SW,GB3TU,,433.225000,DUP+,1.600000,FM,TONE,77.0Hz,YES,Approximate,51.767900,-0.689700,0:00
21,UK(FM),BATH AVON,SW,GB3UB,,433.100000,DUP+,1.600000,FM,TONE,118.8Hz,YES,Approximate,51.380000,-2.327500,0:00
21,UK(FM),BIRMIMGHAM,MIDL,GB3UI,,433.025000,DUP+,1.600000,FM,TONE,67.0Hz,YES,Approximate,52.439600,-1.805900,0:00
21,UK(FM),CHELTENHAM,SW,GB3UK,,430.862500,DUP+,7.600000,FM,TONE,103.5Hz,YES,Approximate,51.921700,-2.011600,0:00
21,UK(FM),BELFAST N.I.,NI,GB3UL,,433.050000,DUP+,1.600000,FM,TONE,110.9Hz,YES,Approximate,54.617600,-5.810700,0:00
21,UK(FM),CHIRK,WM,GB3UO,,430.825000,DUP+,7.600000,FM,TONE,110.9Hz,YES,Approximate,52.945600,-3.045000,0:00
21,UK(FM),SHEFFIELD,NOR,GB3US,,433.000000,DUP+,1.600000,FM,TONE,103.5Hz,YES,Approximate,53.381400,-1.478300,0:00
21,UK(FM),APPLEBY,NOR,GB3VE,,433.100000,DUP+,1.600000,FM,TONE,77.0Hz,YES,Approximate,54.679800,-2.462000,0:00
21,UK(FM),WELWYN G CITY,SE,GB3VH,,433.325000,DUP+,1.600000,FM,TONE,82.5Hz,YES,Approximate,51.811800,-0.219800,0:00
21,UK(FM),LUDLOW,WM,GB3VN,,430.925000,DUP+,7.600000,FM,TONE,103.5Hz,YES,Approximate,52.358300,-2.604100,0:00
21,UK(FM),TAUNTON,SW,GB3VS,,433.075000,DUP+,1.600000,FM,TONE,94.8Hz,YES,Approximate,50.963600,-3.080700,0:00
21,UK(FM),WESTON-S-MARE,SW,GB3WB,,433.300000,DUP+,1.600000,FM,TONE,94.8Hz,YES,Approximate,51.317300,-2.950600,0:00
21,UK(FM),PLYMOUTH,SW,GB3WD,,145.700000,DUP-,0.600000,FM,TONE,77.0Hz,YES,Approximate,50.375200,-4.139000,0:00
21,UK(FM),OTLEY W YORKS,NOR,GB3WF,,433.350000,DUP+,1.600000,FM,TONE,82.5Hz,YES,Approximate,53.891800,-1.688000,0:00
21,UK(FM),PORT TALBOT,WM,GB3WG,,433.150000,DUP+,1.600000,FM,TONE,94.8Hz,YES,Approximate,51.628400,-3.761800,0:00
21,UK(FM),WISBECH,SE,GB3WI,,433.375000,DUP+,1.600000,FM,TONE,94.8Hz,YES,Approximate,52.659000,0.168100,0:00
21,UK(FM),SCUNTHORPE,MIDL,GB3WJ,,433.125000,DUP+,1.600000,FM,TONE,88.5Hz,YES,Approximate,53.571100,-0.670200,0:00
21,UK(FM),WOLVERHAMPTON,MIDL,GB3WN,,433.000000,DUP+,1.600000,FM,TONE,67.0Hz,YES,Approximate,52.630700,-2.082000,0:00
21,UK(FM),HYDE,NOR,GB3WP,,433.275000,DUP+,1.600000,FM,TONE,82.5Hz,YES,Approximate,53.460000,-2.030000,0:00
21,UK(FM),CRAWLEY SUSSEX,SE,GB3WS,,145.750000,DUP-,0.600000,FM,TONE,88.5Hz,YES,Approximate,51.076300,-0.157600,0:00
21,UK(FM),WORCESTER,WM,GB3WU,,430.825000,DUP+,7.600000,FM,TONE,118.8Hz,YES,Approximate,52.230400,-2.188100,0:00
21,UK(FM),PORT TALBOT,WM,GB3WW,,145.775000,DUP-,0.600000,FM,TONE,94.8Hz,YES,Approximate,51.628400,-3.761800,0:00
21,UK(FM),SHIPLEY,NOR,GB3XL,,430.887500,DUP+,7.600000,FM,TONE,82.5Hz,YES,Approximate,53.828700,-1.762600,0:00
21,UK(FM),WORKSOP,MIDL,GB3XN,,430.925000,DUP+,7.600000,FM,TONE,71.9Hz,YES,Approximate,53.374800,-1.119100,0:00
21,UK(FM),DAVENTRY,MIDL,GB3XX,,433.325000,DUP+,1.600000,FM,TONE,77.0Hz,YES,Approximate,52.268000,-1.165300,0:00
21,UK(FM),LOWESTOFT,SE,GB3YL,,433.350000,DUP+,1.600000,FM,TONE,94.8Hz,YES,Approximate,52.482100,1.753400,0:00
21,UK(FM),YEOVIL,SW,GB3YS,,433.050000,DUP+,1.600000,FM,TONE,77.0Hz,YES,Approximate,50.948000,-2.637700,0:00
21,UK(FM),FLOCKTON,NOR,GB3YW,,145.787500,DUP-,0.600000,FM,TONE,82.5Hz,YES,Approximate,53.637800,-1.655100,0:00
21,UK(FM),BRISTOL,SW,GB3ZB,,430.825000,DUP+,7.600000,FM,TONE,77.0Hz,YES,Approximate,51.397800,-2.641200,0:00
21,UK(FM),STAFFORD,MIDL,GB3ZI,,430.975000,DUP+,7.600000,FM,TONE,103.5Hz,YES,Approximate,52.813100,-2.083600,0:00
21,UK(FM),EASTBOURNE,SE,GB3ZX,,430.825000,DUP+,7.600000,FM,TONE,88.5Hz,YES,Approximate,50.794300,0.236200,0:00
