Location,Name,Frequency,Duplex,Offset,Tone,rToneFreq,cToneFreq,DtcsCode,DtcsPolarity,Mode,TStep,Skip,Comment,URCALL,RPT1CALL,RPT2CALL
0,VK2RBV B Sydney,438.7750,-,5.000,,88.5,88.5,023,NN,DV,5.00,,VK2RBV B Sydney,CQCQCQ,VK2RBV B,VK2RBV G
1,VK2RBV B Echo,438.7750,-,5.000,,88.5,88.5,023,NN,DV,5.00,,VK2RBV B Echo,       E,VK2RBV B,VK2RBV G
2,VK2RBV B Status,438.7750,-,5.000,,88.5,88.5,023,NN,DV,5.00,,VK2RBV B Status,       I,VK2RBV B,VK2RBV G
3,VK2RBV B Unlink,438.7750,-,5.000,,88.5,88.5,023,NN,DV,5.00,,VK2RBV B Unlink,       U,VK2RBV B,VK2RBV G
4,VK2RBV B LinkR01A,438.7750,-,5.000,,88.5,88.5,023,NN,DV,5.00,,VK2RBV B LinkR01A,REF001AL,VK2RBV B,VK2RBV G
5,VK2RBV B LinkD14B,438.7750,-,5.000,,88.5,88.5,023,NN,DV,5.00,,VK2RBV B LinkD14B,DCS014BL,VK2RBV B,VK2RBV G
6,VK2RBV 7 Sydney,438.1125,-,5.400,TSQL,91.5,91.5,023,NN,FM,5.00,,VK2RBV 7 Sydney,,VK2RBV 7,
7,VK2ROT 2 Paddo,147.0250,+,0.600,TSQL,91.5,91.5,023,NN,FM,5.00,,VK2ROT 2 Paddo,,VK2ROT 2,
8,VK2ROT 7 Paddo,438.5750,-,5.000,TSQL,91.5,91.5,023,NN,FM,5.00,,VK2ROT 7 Paddo,,VK2ROT 7,
9,VK2RCG 7 Sydney,439.8000,-,5.000,TSQL,91.5,91.5,023,NN,FM,5.00,,VK2RCG 7 Sydney,,VK2RCG 7,
10,VK2RCF 7 Carlingford,438.4500,-,5.000,TSQL,91.5,91.5,023,NN,FM,5.00,,VK2RCF 7 Carlingford,,VK2RCF 7,
11,VK2RWI 2 Dural,147.0000,-,0.600,,88.5,88.5,023,NN,FM,5.00,,VK2RWI 2 Dural,,VK2RWI 2,
12,VK2RWI 7 Dural,438.5250,-,5.000,,88.5,88.5,023,NN,FM,5.00,,VK2RWI 7 Dural,,VK2RWI 7,
13,VK2RWIA7 Dural1,438.6000,-,5.000,,88.5,88.5,023,NN,FM,5.00,,VK2RWIA7 Dural1,,VK2RWIA7,
14,VK2RWIB7 Dural2,439.9000,-,5.000,,88.5,88.5,023,NN,FM,5.00,,VK2RWIB7 Dural2,,VK2RWIB7,
15,VK2RMP 2 Maddns,146.8500,-,0.600,,88.5,88.5,023,NN,FM,5.00,,VK2RMP 2 Maddns,,VK2RMP 2,
16,VK2RMP 7 Maddns,438.7250,-,5.000,TSQL,123,123,023,NN,FM,5.00,,VK2RMP 7 Maddns,,VK2RMP 7,
17,VK2RBM 2 Lawsn1,147.0500,+,0.600,TSQL,123,123,023,NN,FM,5.00,,VK2RBM 2 Lawsn1,,VK2RBM 2,
18,VK2RBM 7 Lawsn1,438.3750,-,5.000,TSQL,123,123,023,NN,FM,5.00,,VK2RBM 7 Lawsn1,,VK2RBM 7,
19,VK2RAG B Someb1,438.3250,-,5.400,,88.5,88.5,023,NN,DV,5.00,S,VK2RAG B Someb1,CQCQCQ,VK2RAG B,VK2RAG G
20,VK2RAG B Echo,438.3250,-,5.400,,88.5,88.5,023,NN,DV,5.00,S,VK2RAG B Echo,       E,VK2RAG B,VK2RAG G
21,VK2RAG B Status,438.3250,-,5.400,,88.5,88.5,023,NN,DV,5.00,S,VK2RAG B Status,       I,VK2RAG B,VK2RAG G
22,VK2RAG B Unlink,438.3250,-,5.400,,88.5,88.5,023,NN,DV,5.00,S,VK2RAG B Unlink,       U,VK2RAG B,VK2RAG G
23,VK2RAG B LinkR01A,438.3250,-,5.400,,88.5,88.5,023,NN,DV,5.00,S,VK2RAG B LinkR01A,REF001AL,VK2RAG B,VK2RAG G
24,VK2RAG B LinkD14B,438.3250,-,5.400,,88.5,88.5,023,NN,DV,5.00,S,VK2RAG B LinkD14B,DCS014BL,VK2RAG B,VK2RAG G
25,VK2RAG C Someb,146.6375,-,0.600,,88.5,88.5,023,NN,DV,5.00,S,VK2RAG C Someb,CQCQCQ,VK2RAG C,VK2RAG G
26,VK2RAG C Echo,146.6375,-,0.600,,88.5,88.5,023,NN,DV,5.00,S,VK2RAG C Echo,       E,VK2RAG C,VK2RAG G
27,VK2RAG C Status,146.6375,-,0.600,,88.5,88.5,023,NN,DV,5.00,S,VK2RAG C Status,       I,VK2RAG C,VK2RAG G
28,VK2RAG C Unlink,146.6375,-,0.600,,88.5,88.5,023,NN,DV,5.00,S,VK2RAG C Unlink,       U,VK2RAG C,VK2RAG G
29,VK2RAG C LinkR01A,146.6375,-,0.600,,88.5,88.5,023,NN,DV,5.00,S,VK2RAG C LinkR01A,REF001AL,VK2RAG C,VK2RAG G
30,VK2RAG C LinkD14B,146.6375,-,0.600,,88.5,88.5,023,NN,DV,5.00,S,VK2RAG C LinkD14B,DCS014BL,VK2RAG C,VK2RAG G
31,VK2RWN B Terrey Hills,438.4000,-,5.400,,88.5,88.5,023,NN,DV,5.00,S,VK2RWN B Terrey Hills,CQCQCQ,VK2RWN B,VK2RWN G
32,VK2RWN B Echo,438.4000,-,5.400,,88.5,88.5,023,NN,DV,5.00,S,VK2RWN B Echo,       E,VK2RWN B,VK2RWN G
33,VK2RWN B Status,438.4000,-,5.400,,88.5,88.5,023,NN,DV,5.00,S,VK2RWN B Status,       I,VK2RWN B,VK2RWN G
34,VK2RWN B Unlink,438.4000,-,5.400,,88.5,88.5,023,NN,DV,5.00,S,VK2RWN B Unlink,       U,VK2RWN B,VK2RWN G
35,VK2RWN B LinkR01A,438.4000,-,5.400,,88.5,88.5,023,NN,DV,5.00,S,VK2RWN B LinkR01A,REF001AL,VK2RWN B,VK2RWN G
36,VK2RWN B LinkD14B,438.4000,-,5.400,,88.5,88.5,023,NN,DV,5.00,S,VK2RWN B LinkD14B,DCS014BL,VK2RWN B,VK2RWN G
37,VK2RWN C Terrey Hills,146.9625,-,0.600,,88.5,88.5,023,NN,DV,5.00,S,VK2RWN C Terrey Hills,CQCQCQ,VK2RWN C,VK2RWN G
38,VK2RWN C Echo,146.9625,-,0.600,,88.5,88.5,023,NN,DV,5.00,S,VK2RWN C Echo,       E,VK2RWN C,VK2RWN G
39,VK2RWN C Status,146.9625,-,0.600,,88.5,88.5,023,NN,DV,5.00,S,VK2RWN C Status,       I,VK2RWN C,VK2RWN G
40,VK2RWN C Unlink,146.9625,-,0.600,,88.5,88.5,023,NN,DV,5.00,S,VK2RWN C Unlink,       U,VK2RWN C,VK2RWN G
41,VK2RWN C LinkR01A,146.9625,-,0.600,,88.5,88.5,023,NN,DV,5.00,S,VK2RWN C LinkR01A,REF001AL,VK2RWN C,VK2RWN G
42,VK2RWN C LinkD14B,146.9625,-,0.600,,88.5,88.5,023,NN,DV,5.00,S,VK2RWN C LinkD14B,DCS014BL,VK2RWN C,VK2RWN G
43,VK2RAG 2 Someb,146.7250,-,0.600,TSQL,91.5,91.5,023,NN,FM,5.00,S,VK2RAG 2 Someb,,VK2RAG 2,
44,VK2RAGA2 Someb1,147.1250,+,0.600,TSQL,91.5,91.5,023,NN,FM,5.00,S,VK2RAGA2 Someb1,,VK2RAGA2,
45,VK2RCZ 2 Lalor,147.0750,+,0.600,TSQL,123,123,023,NN,FM,5.00,S,VK2RCZ 2 Lalor,,VK2RCZ 2,
46,VK2RGR 2 NRyde,146.9250,-,0.600,,88.5,88.5,023,NN,FM,5.00,S,VK2RGR 2 NRyde,,VK2RGR 2,
47,VK2RLE 2 HCote,146.8000,-,0.600,,88.5,88.5,023,NN,FM,5.00,S,VK2RLE 2 HCote,,VK2RLE 2,
48,VK2RMB 2 THills,146.8750,-,0.600,,88.5,88.5,023,NN,FM,5.00,S,VK2RMB 2 THills,,VK2RMB 2,
49,VK2RNS 2 Asqith,147.2500,+,0.600,,88.5,88.5,023,NN,FM,5.00,S,VK2RNS 2 Asqith,,VK2RNS 2,
50,VK2RRR 2 Razor,147.2750,+,0.600,,88.5,88.5,023,NN,FM,5.00,S,VK2RRR 2 Razor,,VK2RRR 2,
51,VK2RST 2 Lewshm,147.2250,+,0.600,,88.5,88.5,023,NN,FM,5.00,S,VK2RST 2 Lewshm,,VK2RST 2,
52,VK2RWC 2 Chats1,147.1500,+,0.600,TSQL,91.5,91.5,023,NN,FM,5.00,S,VK2RWC 2 Chats1,,VK2RWC 2,
53,VK2RWS 2 portable,147.1750,+,0.600,,88.5,88.5,023,NN,FM,5.00,S,VK2RWS 2 portable,,VK2RWS 2,
54,VK2RAG 7 Someb,438.0750,-,5.000,TSQL,91.5,91.5,023,NN,FM,5.00,S,VK2RAG 7 Someb,,VK2RAG 7,
55,VK2RAGA7 Someb1,439.5250,-,5.000,TSQL,91.5,91.5,023,NN,FM,5.00,S,VK2RAGA7 Someb1,,VK2RAGA7,
56,VK2RAGB7 Someb2,439.7250,-,5.000,TSQL,91.5,91.5,023,NN,FM,5.00,S,VK2RAGB7 Someb2,,VK2RAGB7,
57,VK2RAGC7 Someb3,439.9500,-,5.000,TSQL,91.5,91.5,023,NN,FM,5.00,S,VK2RAGC7 Someb3,,VK2RAGC7,
58,VK2RCZ 7 Lalor,439.4250,-,5.000,,88.5,88.5,023,NN,FM,5.00,S,VK2RCZ 7 Lalor,,VK2RCZ 7,
59,VK2RDC 7 Woy Woy,438.6500,-,5.000,TSQL,91.5,91.5,023,NN,FM,5.00,S,VK2RDC 7 Woy Woy,,VK2RDC 7,
60,VK2RGW 7 Glenwood,439.4750,-,5.000,,88.5,88.5,023,NN,FM,5.00,S,VK2RGW 7 Glenwood,,VK2RGW 7,
61,VK2RHC 7 Hurstville,438.5500,-,5.000,TSQL,91.5,91.5,023,NN,FM,5.00,S,VK2RHC 7 Hurstville,,VK2RHC 7,
62,VK2RHP 7 Horsley Park,439.7500,-,5.000,,88.5,88.5,023,NN,FM,5.00,S,VK2RHP 7 Horsley Park,,VK2RHP 7,
63,VK2RHT 7 Chats,438.3500,-,5.400,TSQL,91.5,91.5,023,NN,FM,5.00,S,VK2RHT 7 Chats,,VK2RHT 7,
64,VK2RLE 7 HCote,438.4250,-,5.000,,88.5,88.5,023,NN,FM,5.00,S,VK2RLE 7 HCote,,VK2RLE 7,
65,VK2RMB 7 THills,438.1750,-,5.000,TSQL,91.5,91.5,023,NN,FM,5.00,S,VK2RMB 7 THills,,VK2RMB 7,
66,VK2RMR 7 Mt Riverview,439.5750,-,5.000,TSQL,123,123,023,NN,FM,5.00,S,VK2RMR 7 Mt Riverview,,VK2RMR 7,
67,VK2RNG 7 Werri,439.8500,-,5.000,,88.5,88.5,023,NN,FM,5.00,S,VK2RNG 7 Werri,,VK2RNG 7,
68,VK2RNS 7 Asqith,439.9750,-,5.000,,88.5,88.5,023,NN,FM,5.00,S,VK2RNS 7 Asqith,,VK2RNS 7,
69,VK2RON 7 Artarmon,439.9250,-,5.000,,88.5,88.5,023,NN,FM,5.00,S,VK2RON 7 Artarmon,,VK2RON 7,
70,VK2RRR 7 Razor,439.6000,-,5.000,TSQL,91.5,91.5,023,NN,FM,5.00,S,VK2RRR 7 Razor,,VK2RRR 7,
71,VK2RRS 7 Lewisham,438.4750,-,5.000,,88.5,88.5,023,NN,FM,5.00,S,VK2RRS 7 Lewisham,,VK2RRS 7,
72,VK2RSV 7 Sans Souci,439.3250,-,5.000,TSQL,91.5,91.5,023,NN,FM,5.00,S,VK2RSV 7 Sans Souci,,VK2RSV 7,
73,VK2RSW 7 Blaxland,439.7750,-,5.000,,88.5,88.5,023,NN,FM,5.00,S,VK2RSW 7 Blaxland,,VK2RSW 7,
74,VK2RTG 7 Kariong,439.3000,-,5.000,,88.5,88.5,023,NN,FM,5.00,S,VK2RTG 7 Kariong,,VK2RTG 7,
75,VK2RWS 7 Berowra North,438.2750,-,5.400,TSQL,91.5,91.5,023,NN,FM,5.00,S,VK2RWS 7 Berowra North,,VK2RWS 7,
76,VK1RJB 2 Jervis,146.9250,-,0.600,,88.5,88.5,023,NN,FM,5.00,S,VK1RJB 2 Jervis,,VK1RJB 2,
77,VK2RHR 2 HRange,146.8250,-,0.600,,88.5,88.5,023,NN,FM,5.00,S,VK2RHR 2 HRange,,VK2RHR 2,
78,VK2RMU 2 NowraH,146.7000,-,0.600,TSQL,123,123,023,NN,FM,5.00,S,VK2RMU 2 NowraH,,VK2RMU 2,
79,VK2RMW 2 Wandra,147.0750,+,0.600,,88.5,88.5,023,NN,FM,5.00,S,VK2RMW 2 Wandra,,VK2RMW 2,
80,VK2RSH 2 SHigh,147.1000,+,0.600,,88.5,88.5,023,NN,FM,5.00,S,VK2RSH 2 SHigh,,VK2RSH 2,
81,VK2RUW 2 Nites1,146.6750,-,0.600,,88.5,88.5,023,NN,FM,5.00,S,VK2RUW 2 Nites1,,VK2RUW 2,
82,VK2RUWA2 Nites2,146.9750,-,0.600,,88.5,88.5,023,NN,FM,5.00,S,VK2RUWA2 Nites2,,VK2RUWA2,
83,VK2RWP 2 WolumP,146.8250,-,0.600,,88.5,88.5,023,NN,FM,5.00,S,VK2RWP 2 WolumP,,VK2RWP 2,
84,VK2RHR 7 HRange,438.0250,-,5.000,,88.5,88.5,023,NN,FM,5.00,S,VK2RHR 7 HRange,,VK2RHR 7,
85,VK2RIW 7 Kiama,438.3000,-,5.000,,88.5,88.5,023,NN,FM,5.00,S,VK2RIW 7 Kiama,,VK2RIW 7,
86,VK2RMU 7 NowraH,438.1250,-,5.000,TSQL,91.5,91.5,023,NN,FM,5.00,S,VK2RMU 7 NowraH,,VK2RMU 7,
87,VK2RSH 7 Alpine,439.3750,-,5.000,,88.5,88.5,023,NN,FM,5.00,S,VK2RSH 7 Alpine,,VK2RSH 7,
88,VK2RWP 7 WolumP,439.9000,-,5.000,,88.5,88.5,023,NN,FM,5.00,S,VK2RWP 7 WolumP,,VK2RWP 7,
89,VK2RBB 2 Byron,146.6250,-,0.600,TSQL,123,123,023,NN,FM,5.00,S,VK2RBB 2 Byron,,VK2RBB 2,
90,VK2RBO 2 Coorb,147.3500,+,0.600,,88.5,88.5,023,NN,FM,5.00,S,VK2RBO 2 Coorb,,VK2RBO 2,
91,VK2RCB 2 FranLO,146.7500,-,0.600,TSQL,123,123,023,NN,FM,5.00,S,VK2RCB 2 FranLO,,VK2RCB 2,
92,VK2RCH 2 Bruxnr,146.8500,-,0.600,TSQL,123,123,023,NN,FM,5.00,S,VK2RCH 2 Bruxnr,,VK2RCH 2,
93,VK2RCN 2 TelePt,147.0000,-,0.600,,88.5,88.5,023,NN,FM,5.00,S,VK2RCN 2 TelePt,,VK2RCN 2,
94,VK2RCV 2 Graft,146.6750,-,0.600,TSQL,123,123,023,NN,FM,5.00,S,VK2RCV 2 Graft,,VK2RCV 2,
95,VK2REE 2 Mt Ganghat,146.6750,-,0.600,TSQL,123,123,023,NN,FM,5.00,S,VK2REE 2 Mt Ganghat,,VK2REE 2,
96,VK2REH 2 Woodbn,147.2500,+,0.600,TSQL,123,123,023,NN,FM,5.00,S,VK2REH 2 Woodbn,,VK2REH 2,
97,VK2RGL 2 CbTree,147.1000,+,0.600,,88.5,88.5,023,NN,FM,5.00,S,VK2RGL 2 CbTree,,VK2RGL 2,
98,VK2RGLA2 CbTree,147.2000,+,0.600,,88.5,88.5,023,NN,FM,5.00,S,VK2RGLA2 CbTree,,VK2RGLA2,
99,VK2RMY 2 YarahP,146.8750,-,0.600,,88.5,88.5,023,NN,FM,5.00,S,VK2RMY 2 YarahP,,VK2RMY 2,
100,VK2RNC 2 SgarL,146.9000,-,0.600,,88.5,88.5,023,NN,FM,5.00,S,VK2RNC 2 SgarL,,VK2RNC 2,
101,VK2RNCA2 SgarL1,146.9750,-,0.600,,88.5,88.5,023,NN,FM,5.00,S,VK2RNCA2 SgarL1,,VK2RNCA2,
102,VK2RPM 2 MdlBro,146.7000,-,0.600,TSQL,91.5,91.5,023,NN,FM,5.00,S,VK2RPM 2 MdlBro,,VK2RPM 2,
103,VK2RSC 2 Lismor,146.8000,-,0.600,TSQL,123,123,023,NN,FM,5.00,S,VK2RSC 2 Lismor,,VK2RSC 2,
104,VK2RSR 2 Scadns,147.1250,+,0.600,,88.5,88.5,023,NN,FM,5.00,S,VK2RSR 2 Scadns,,VK2RSR 2,
105,VK2RTS 2 Lawsn2,147.3250,+,0.600,,88.5,88.5,023,NN,FM,5.00,S,VK2RTS 2 Lawsn2,,VK2RTS 2,
106,VK2RTZ 2 SugarL,146.7750,-,0.600,TSQL,91.5,91.5,023,NN,FM,5.00,S,VK2RTZ 2 SugarL,,VK2RTZ 2,
107,VK2RWH 2 Nwcsle,147.1500,+,0.600,,88.5,88.5,023,NN,FM,5.00,S,VK2RWH 2 Nwcsle,,VK2RWH 2,
108,VK2RWK 2 KurraJ,147.1500,+,0.600,,88.5,88.5,023,NN,FM,5.00,S,VK2RWK 2 KurraJ,,VK2RWK 2,
109,VK2RWR 2 Moona,147.0750,+,0.600,,88.5,88.5,023,NN,FM,5.00,S,VK2RWR 2 Moona,,VK2RWR 2,
110,VK2RAI 7 Booral,439.2750,-,5.000,,88.5,88.5,023,NN,FM,5.00,S,VK2RAI 7 Booral,,VK2RAI 7,
111,VK2RCN 7 TelePt,438.4250,-,5.000,TSQL,123,123,023,NN,FM,5.00,S,VK2RCN 7 TelePt,,VK2RCN 7,
112,VK2REE 7 Mt Ganghat,438.3250,-,5.000,,88.5,88.5,023,NN,FM,5.00,S,VK2REE 7 Mt Ganghat,,VK2REE 7,
113,VK2RHK 7 Wyee,438.1250,-,5.000,,88.5,88.5,023,NN,FM,5.00,S,VK2RHK 7 Wyee,,VK2RHK 7,
114,VK2RMY 7 YarahP,438.0750,-,5.000,,88.5,88.5,023,NN,FM,5.00,S,VK2RMY 7 YarahP,,VK2RMY 7,
115,VK2RNC 7 SgarL,438.0250,-,5.000,,88.5,88.5,023,NN,FM,5.00,S,VK2RNC 7 SgarL,,VK2RNC 7,
116,VK2RNCA7 SgarL1,438.6750,-,5.000,,88.5,88.5,023,NN,FM,5.00,S,VK2RNCA7 SgarL1,,VK2RNCA7,
117,VK2ROJ 7 Bolwarra Heights,439.7000,-,5.000,TSQL,91.5,91.5,023,NN,FM,5.00,S,VK2ROJ 7 Bolwarra Heights,,VK2ROJ 7,
118,VK2RPL 7 Nardi,438.6750,-,5.000,TSQL,123,123,023,NN,FM,5.00,S,VK2RPL 7 Nardi,,VK2RPL 7,
119,VK2RPM 7 MdlBro,438.5250,-,5.000,TSQL,123,123,023,NN,FM,5.00,S,VK2RPM 7 MdlBro,,VK2RPM 7,
120,VK2RSC 7 Lismor,439.9500,-,5.000,TSQL,123,123,023,NN,FM,5.00,S,VK2RSC 7 Lismor,,VK2RSC 7,
121,VK2RUM 7 Merewether,438.6250,-,5.000,,88.5,88.5,023,NN,FM,5.00,S,VK2RUM 7 Merewether,,VK2RUM 7,
122,VK2RWH 7 Nwcsle,439.6250,-,5.000,,88.5,88.5,023,NN,FM,5.00,S,VK2RWH 7 Nwcsle,,VK2RWH 7,
123,VK2RWK 7 KurraJ,439.8250,-,5.000,TSQL,91.5,91.5,023,NN,FM,5.00,S,VK2RWK 7 KurraJ,,VK2RWK 7,
124,VK1RWN C Isaacs Ridge,146.6625,-,0.600,,88.5,88.5,023,NN,DV,5.00,S,VK1RWN C Isaacs Ridge,CQCQCQ,VK1RWN C,VK1RWN G
125,VK1RAC 2 Tidbin,146.9000,-,0.600,,88.5,88.5,023,NN,FM,5.00,S,VK1RAC 2 Tidbin,,VK1RAC 2,
126,VK1RBH 2 BullsH,147.1750,+,0.600,,88.5,88.5,023,NN,FM,5.00,S,VK1RBH 2 BullsH,,VK1RBH 2,
127,VK1RBM 2 Issacs,146.7250,-,0.600,TSQL,91.5,91.5,023,NN,FM,5.00,S,VK1RBM 2 Issacs,,VK1RBM 2,
128,VK1RGI 2 Ginini,146.9500,-,0.600,TSQL,91.5,91.5,023,NN,FM,5.00,S,VK1RGI 2 Ginini,,VK1RGI 2,
129,VK2RAD 2 SHill,146.7250,-,0.600,,88.5,88.5,023,NN,FM,5.00,S,VK2RAD 2 SHill,,VK2RAD 2,
130,VK2RAO 2 Cbolas,146.7000,-,0.600,TSQL,91.5,91.5,023,NN,FM,5.00,S,VK2RAO 2 Cbolas,,VK2RAO 2,
131,VK2RAP 2 AcacPl,147.2750,+,0.600,,88.5,88.5,023,NN,FM,5.00,S,VK2RAP 2 AcacPl,,VK2RAP 2,
132,VK2RAY 2 Albury,147.2250,+,0.600,TSQL,118.8,118.8,023,NN,FM,5.00,S,VK2RAY 2 Albury,,VK2RAY 2,
133,VK2RBE 2 Bethun,146.7750,-,0.600,TSQL,91.5,91.5,023,NN,FM,5.00,S,VK2RBE 2 Bethun,,VK2RBE 2,
134,VK2RBH 2 Darlng,147.0000,-,0.600,,88.5,88.5,023,NN,FM,5.00,S,VK2RBH 2 Darlng,,VK2RBH 2,
135,VK2RBK 2 NomTop,146.7750,-,0.600,,88.5,88.5,023,NN,FM,5.00,S,VK2RBK 2 NomTop,,VK2RBK 2,
136,VK2RBL 2 Balran,146.7250,-,0.600,,88.5,88.5,023,NN,FM,5.00,S,VK2RBL 2 Balran,,VK2RBL 2,
137,VK2RBR 2 Tabulm,146.7750,-,0.600,,88.5,88.5,023,NN,FM,5.00,S,VK2RBR 2 Tabulm,,VK2RBR 2,
138,VK2RCC 2 NeedlMn,146.8000,-,0.600,,88.5,88.5,023,NN,FM,5.00,S,VK2RCC 2 NeedlMn,,VK2RCC 2,
139,VK2RCD 2 BurroH,146.7250,-,0.600,,88.5,88.5,023,NN,FM,5.00,S,VK2RCD 2 BurroH,,VK2RCD 2,
140,VK2RCW 2 Lindsy,147.2000,+,0.600,,88.5,88.5,023,NN,FM,5.00,S,VK2RCW 2 Lindsy,,VK2RCW 2,
141,VK2RDX 2 Bindo,146.6500,-,0.600,,88.5,88.5,023,NN,FM,5.00,S,VK2RDX 2 Bindo,,VK2RDX 2,
142,VK2RGA 2 Galore,146.8250,-,0.600,TSQL,91.5,91.5,023,NN,FM,5.00,S,VK2RGA 2 Galore,,VK2RGA 2,
143,VK2RGF 2 SqrNob,146.8500,-,0.600,TSQL,91.5,91.5,023,NN,FM,5.00,S,VK2RGF 2 SqrNob,,VK2RGF 2,
144,VK2RGN 2 MtGray,146.6250,-,0.600,,88.5,88.5,023,NN,FM,5.00,S,VK2RGN 2 MtGray,,VK2RGN 2,
145,VK2RLH 2 SBark,146.6750,-,0.600,,88.5,88.5,023,NN,FM,5.00,S,VK2RLH 2 SBark,,VK2RLH 2,
146,VK2RLJ 2 Prishr,146.8750,-,0.600,,88.5,88.5,023,NN,FM,5.00,S,VK2RLJ 2 Prishr,,VK2RLJ 2,
147,VK2RMI 2 THiHi,146.6500,-,0.600,,88.5,88.5,023,NN,FM,5.00,S,VK2RMI 2 THiHi,,VK2RMI 2,
148,VK2RMM 2 McKen,147.3750,+,0.600,TSQL,123,123,023,NN,FM,5.00,S,VK2RMM 2 McKen,,VK2RMM 2,
149,VK2RMO 2 Baldwn,146.8500,-,0.600,,88.5,88.5,023,NN,FM,5.00,S,VK2RMO 2 Baldwn,,VK2RMO 2,
150,VK2RNE 2 Rumbee,146.9500,-,0.600,,88.5,88.5,023,NN,FM,5.00,S,VK2RNE 2 Rumbee,,VK2RNE 2,
151,VK2RNW 2 Kaput,146.6250,-,0.600,,88.5,88.5,023,NN,FM,5.00,S,VK2RNW 2 Kaput,,VK2RNW 2,
152,VK2RRT 2 Boona,146.9000,-,0.600,,88.5,88.5,023,NN,FM,5.00,S,VK2RRT 2 Boona,,VK2RRT 2,
153,VK2RSM 2 Digits,147.0250,+,0.600,,88.5,88.5,023,NN,FM,5.00,S,VK2RSM 2 Digits,,VK2RSM 2,
154,VK2RTD 2 Kendal,146.8000,-,0.600,TSQL,91.5,91.5,023,NN,FM,5.00,S,VK2RTD 2 Kendal,,VK2RTD 2,
155,VK2RTM 2 Mt Crawney,146.7500,-,0.600,,88.5,88.5,023,NN,FM,5.00,S,VK2RTM 2 Mt Crawney,,VK2RTM 2,
156,VK2RWB 2 GwynH,147.2000,+,0.600,TSQL,123,123,023,NN,FM,5.00,S,VK2RWB 2 GwynH,,VK2RWB 2,
157,VK2RWG 2 WOF,146.7500,-,0.600,TSQL,91.5,91.5,023,NN,FM,5.00,S,VK2RWG 2 WOF,,VK2RWG 2,
158,VK2RWM 2 Warrad,147.1000,+,0.600,,88.5,88.5,023,NN,FM,5.00,S,VK2RWM 2 Warrad,,VK2RWM 2,
159,VK2RYL 2 BaldM,147.2250,+,0.600,,88.5,88.5,023,NN,FM,5.00,S,VK2RYL 2 BaldM,,VK2RYL 2,
160,VK2RZL 2 Muswel,146.8750,-,0.600,TSQL,123,123,023,NN,FM,5.00,S,VK2RZL 2 Muswel,,VK2RZL 2,
161,VK1RBM 7 Issacs,439.9500,-,5.000,TSQL,91.5,91.5,023,NN,FM,5.00,S,VK1RBM 7 Issacs,,VK1RBM 7,
162,VK1RGI 7 Ginini,438.0500,-,5.000,TSQL,91.5,91.5,023,NN,FM,5.00,S,VK1RGI 7 Ginini,,VK1RGI 7,
163,VK2RAB 7 MtCraw,438.4750,-,5.000,,88.5,88.5,023,NN,FM,5.00,S,VK2RAB 7 MtCraw,,VK2RAB 7,
164,VK2RAD 7 SHill,438.6500,-,5.000,,88.5,88.5,023,NN,FM,5.00,S,VK2RAD 7 SHill,,VK2RAD 7,
165,VK2RAO 7 Cbolas,438.7250,-,5.000,,88.5,88.5,023,NN,FM,5.00,S,VK2RAO 7 Cbolas,,VK2RAO 7,
166,VK2RAY 7 Albury,438.5750,-,5.000,,88.5,88.5,023,NN,FM,5.00,S,VK2RAY 7 Albury,,VK2RAY 7,
167,VK2RBK 7 NomTop,439.9000,-,5.000,,88.5,88.5,023,NN,FM,5.00,S,VK2RBK 7 NomTop,,VK2RBK 7,
168,VK2RCW 7 Lindsy,439.3000,-,5.000,,88.5,88.5,023,NN,FM,5.00,S,VK2RCW 7 Lindsy,,VK2RCW 7,
169,VK2RDD 7 Burroway Hill,439.9500,-,5.000,,88.5,88.5,023,NN,FM,5.00,S,VK2RDD 7 Burroway Hill,,VK2RDD 7,
170,VK2RGN 7 MtGray,438.3250,-,5.000,,88.5,88.5,023,NN,FM,5.00,S,VK2RGN 7 MtGray,,VK2RGN 7,
171,VK2RGNA7 Goulburn,438.6250,-,5.000,,88.5,88.5,023,NN,FM,5.00,S,VK2RGNA7 Goulburn,,VK2RGNA7,
172,VK2RGNB7 MtGray,439.9500,-,5.000,,88.5,88.5,023,NN,FM,5.00,S,VK2RGNB7 MtGray,,VK2RGNB7,
173,VK2RLH 7 Newbridge,439.8500,-,5.000,,88.5,88.5,023,NN,FM,5.00,S,VK2RLH 7 Newbridge,,VK2RLH 7,
174,VK2RLJ 7 Prishr,438.4500,-,5.000,,88.5,88.5,023,NN,FM,5.00,S,VK2RLJ 7 Prishr,,VK2RLJ 7,
175,VK2RNW 7 Kaput,438.5750,-,5.000,,88.5,88.5,023,NN,FM,5.00,S,VK2RNW 7 Kaput,,VK2RNW 7,
176,VK2RTW 7 Willans Hill,438.0250,-,5.000,TSQL,91.5,91.5,023,NN,FM,5.00,S,VK2RTW 7 Willans Hill,,VK2RTW 7,
177,VK2RTWA7 Wagga Wagga,439.8000,-,5.000,TSQL,91.5,91.5,023,NN,FM,5.00,S,VK2RTWA7 Wagga Wagga,,VK2RTWA7,
178,VK2RWB 7 GwynH,439.6500,-,5.000,TSQL,123,123,023,NN,FM,5.00,S,VK2RWB 7 GwynH,,VK2RWB 7,
179,VK2RWM 7 Warrad,438.3250,-,5.000,,88.5,88.5,023,NN,FM,5.00,S,VK2RWM 7 Warrad,,VK2RWM 7,
180,VK3RMC B Berwick,438.1200,-,5.395,,88.5,88.5,023,NN,DV,5.00,S,VK3RMC B Berwick,CQCQCQ,VK3RMC B,VK3RMC G
181,VK3RMC C Berwick,146.7625,-,0.600,,88.5,88.5,023,NN,DV,5.00,S,VK3RMC C Berwick,CQCQCQ,VK3RMC C,VK3RMC G
182,VK3RMM B Macdon,438.0500,-,5.400,,88.5,88.5,023,NN,DV,5.00,S,VK3RMM B Macdon,CQCQCQ,VK3RMM B,VK3RMM G
183,VK3RMM C Macdon,146.9625,-,0.600,,88.5,88.5,023,NN,DV,5.00,S,VK3RMM C Macdon,CQCQCQ,VK3RMM C,VK3RMM G
184,VK3RWN B Olinda,438.3000,-,5.400,,88.5,88.5,023,NN,DV,5.00,S,VK3RWN B Olinda,CQCQCQ,VK3RWN B,VK3RWN G
185,VK3RWN C Olinda,146.9125,-,0.600,,88.5,88.5,023,NN,DV,5.00,S,VK3RWN C Olinda,CQCQCQ,VK3RWN C,VK3RWN G
186,VK3RAJ 2 Upwey,146.8250,-,0.600,TSQL,94.8,94.8,023,NN,FM,5.00,S,VK3RAJ 2 Upwey,,VK3RAJ 2,
187,VK3RCR 2 Dande,147.0750,+,0.600,,88.5,88.5,023,NN,FM,5.00,S,VK3RCR 2 Dande,,VK3RCR 2,
188,VK3RDQ 2 WantE,144.9375,+,0.600,,88.5,88.5,023,NN,FM,5.00,S,VK3RDQ 2 WantE,,VK3RDQ 2,
189,VK3REC 2 Olind1,147.1750,+,0.600,,88.5,88.5,023,NN,FM,5.00,S,VK3REC 2 Olind1,,VK3REC 2,
190,VK3RFY 2 Hillsd,147.4250,+,0.000,TSQL,38,38,023,NN,FM,5.00,S,VK3RFY 2 Hillsd,,VK3RFY 2,
191,VK3RGC 2 MoPell,147.1250,+,0.600,TSQL,91.5,91.5,023,NN,FM,5.00,S,VK3RGC 2 MoPell,,VK3RGC 2,
192,VK3RGL 2 Anakie,147.0000,-,0.600,TSQL,91.5,91.5,023,NN,FM,5.00,S,VK3RGL 2 Anakie,,VK3RGL 2,
193,VK3RMC 2 NarWar,147.3250,+,0.600,,88.5,88.5,023,NN,FM,5.00,S,VK3RMC 2 NarWar,,VK3RMC 2,
194,VK3RML 2 FernyC,146.7000,-,0.600,TSQL,91.5,91.5,023,NN,FM,5.00,S,VK3RML 2 FernyC,,VK3RML 2,
195,VK3RMM 2 Macdon,147.2500,+,0.600,,88.5,88.5,023,NN,FM,5.00,S,VK3RMM 2 Macdon,,VK3RMM 2,
196,VK3RMN 2 KLake,146.8500,-,0.600,TSQL,91.5,91.5,023,NN,FM,5.00,S,VK3RMN 2 KLake,,VK3RMN 2,
197,VK3RMS 2 Olind2,147.3500,+,0.600,,88.5,88.5,023,NN,FM,5.00,S,VK3RMS 2 Olind2,,VK3RMS 2,
198,VK3RMU 2 StLeo,147.3750,+,0.600,TSQL,91.5,91.5,023,NN,FM,5.00,S,VK3RMU 2 StLeo,,VK3RMU 2,
199,VK3RPS 2 Cotrel,147.2000,+,0.600,TSQL,91.5,91.5,023,NN,FM,5.00,S,VK3RPS 2 Cotrel,,VK3RPS 2,
200,VK3RRC 2 RdlsCk,146.9750,-,0.600,,88.5,88.5,023,NN,FM,5.00,S,VK3RRC 2 RdlsCk,,VK3RRC 2,
201,VK3RSP 2 MtMtha,146.6750,-,0.600,,88.5,88.5,023,NN,FM,5.00,S,VK3RSP 2 MtMtha,,VK3RSP 2,
202,VK3RYV 2 Briart,146.7250,-,0.600,,88.5,88.5,023,NN,FM,5.00,S,VK3RYV 2 Briart,,VK3RYV 2,
203,VK3RAD 7 Mitcham,438.5250,-,5.000,TSQL,123,123,023,NN,FM,5.00,S,VK3RAD 7 Mitcham,,VK3RAD 7,
204,VK3RAJ 7 Upwey,439.7500,-,5.000,TSQL,91.5,91.5,023,NN,FM,5.00,S,VK3RAJ 7 Upwey,,VK3RAJ 7,
205,VK3RBM 7 Bacchus Marsh,438.7000,-,5.000,TSQL,91.5,91.5,023,NN,FM,5.00,S,VK3RBM 7 Bacchus Marsh,,VK3RBM 7,
206,VK3RBW 7 Mt Gisborne,438.4500,-,5.000,TSQL,91.5,91.5,023,NN,FM,5.00,S,VK3RBW 7 Mt Gisborne,,VK3RBW 7,
207,VK3RBY 7 Bayswater,439.6250,-,5.000,TSQL,88.5,88.5,023,NN,FM,5.00,S,VK3RBY 7 Bayswater,,VK3RBY 7,
208,VK3RCC 7 Melbourne,438.0250,-,5.000,TSQL,91.5,91.5,023,NN,FM,5.00,S,VK3RCC 7 Melbourne,,VK3RCC 7,
209,VK3RCD 7 Kinglake,438.1875,-,5.400,,88.5,88.5,023,NN,FM,5.00,S,VK3RCD 7 Kinglake,,VK3RCD 7,
210,VK3RDX 7 Mt Waverley,439.6000,-,5.000,TSQL,91.5,91.5,023,NN,FM,5.00,S,VK3RDX 7 Mt Waverley,,VK3RDX 7,
211,VK3RFY 7 Hillsd,438.4000,-,5.000,TSQL,91.5,91.5,023,NN,FM,5.00,S,VK3RFY 7 Hillsd,,VK3RFY 7,
212,VK3RGC 7 MoPell,439.5750,-,5.000,TSQL,91.5,91.5,023,NN,FM,5.00,S,VK3RGC 7 MoPell,,VK3RGC 7,
213,VK3RGL 7 Anakie,439.5000,-,5.000,TSQL,91.5,91.5,023,NN,FM,5.00,S,VK3RGL 7 Anakie,,VK3RGL 7,
214,VK3RGW 7 Grovedale,438.5000,-,5.000,TSQL,91.5,91.5,023,NN,FM,5.00,S,VK3RGW 7 Grovedale,,VK3RGW 7,
215,VK3RHF 7 Olinda,438.7500,-,5.000,TSQL,88.5,88.5,023,NN,FM,5.00,S,VK3RHF 7 Olinda,,VK3RHF 7,
216,VK3RIR 7 Bendigo,438.1500,-,5.000,TSQL,91.5,91.5,023,NN,FM,5.00,S,VK3RIR 7 Bendigo,,VK3RIR 7,
217,VK3RLP 7 Cborn,439.4750,-,5.000,TSQL,91.5,91.5,023,NN,FM,5.00,S,VK3RLP 7 Cborn,,VK3RLP 7,
218,VK3RMC 7 Berwick,439.3750,-,5.000,,88.5,88.5,023,NN,FM,5.00,S,VK3RMC 7 Berwick,,VK3RMC 7,
219,VK3RMCA7 Narre Warren North,439.8750,-,5.000,,88.5,88.5,023,NN,FM,5.00,S,VK3RMCA7 Narre Warren North,,VK3RMCA7,
220,VK3RMH 7 WatlGn,438.3250,-,5.000,,88.5,88.5,023,NN,FM,5.00,S,VK3RMH 7 WatlGn,,VK3RMH 7,
221,VK3RMM 7 Macdon,439.8250,-,5.000,TSQL,91.5,91.5,023,NN,FM,5.00,S,VK3RMM 7 Macdon,,VK3RMM 7,
222,VK3RMN 7 KLake,439.4500,-,5.000,TSQL,91.5,91.5,023,NN,FM,5.00,S,VK3RMN 7 KLake,,VK3RMN 7,
223,VK3RMS 7 Olind2,438.2250,-,5.000,TSQL,91.5,91.5,023,NN,FM,5.00,S,VK3RMS 7 Olind2,,VK3RMS 7,
224,VK3RMU 7 StLeo,439.8000,-,5.000,,88.5,88.5,023,NN,FM,5.00,S,VK3RMU 7 StLeo,,VK3RMU 7,
225,VK3RPS 7 Cotrel,439.7250,-,5.000,TSQL,91.5,91.5,023,NN,FM,5.00,S,VK3RPS 7 Cotrel,,VK3RPS 7,
226,VK3RPT 7 Pretty Sally,439.5250,-,5.000,TSQL,91.5,91.5,023,NN,FM,5.00,S,VK3RPT 7 Pretty Sally,,VK3RPT 7,
227,VK3RPU 7 Arthur's Seat,439.8500,-,5.000,TSQL,91.5,91.5,023,NN,FM,5.00,S,VK3RPU 7 Arthur's Seat,,VK3RPU 7,
228,VK3RRC 7 RdlsCk,439.7000,-,5.000,,88.5,88.5,023,NN,FM,5.00,S,VK3RRC 7 RdlsCk,,VK3RRC 7,
229,VK3RSA 7 Emerald,439.6500,-,5.000,TSQL,91.5,91.5,023,NN,FM,5.00,S,VK3RSA 7 Emerald,,VK3RSA 7,
230,VK3RSB 7 Mt St Leonard,439.5500,-,5.000,TSQL,91.5,91.5,023,NN,FM,5.00,S,VK3RSB 7 Mt St Leonard,,VK3RSB 7,
231,VK3RSE 7 Glen Waverley,439.9000,-,5.000,,88.5,88.5,023,NN,FM,5.00,S,VK3RSE 7 Glen Waverley,,VK3RSE 7,
232,VK3RSV 7 Noble Park,439.4250,-,5.000,TSQL,91.5,91.5,023,NN,FM,5.00,S,VK3RSV 7 Noble Park,,VK3RSV 7,
233,VK3RYV 7 Briart,439.3000,-,5.000,,88.5,88.5,023,NN,FM,5.00,S,VK3RYV 7 Briart,,VK3RYV 7,
234,VK3RBA B Bunyng,439.9875,-,5.000,,88.5,88.5,023,NN,DV,5.00,S,VK3RBA B Bunyng,CQCQCQ,VK3RBA B,VK3RBA G
235,VK3RCE B Bendigo,438.9125,+,0.000,,88.5,88.5,023,NN,DV,5.00,S,VK3RCE B Bendigo,CQCQCQ,VK3RCE B,VK3RCE G
236,VK3RDK C Horsham,146.6375,-,0.600,,88.5,88.5,023,NN,DV,5.00,S,VK3RDK C Horsham,CQCQCQ,VK3RDK C,VK3RDK G
237,VK3RGV B Wombat,438.2000,-,5.400,,88.5,88.5,023,NN,DV,5.00,S,VK3RGV B Wombat,CQCQCQ,VK3RGV B,VK3RGV G
238,VK3RAG 2 Renies,146.7750,-,0.600,TSQL,123,123,023,NN,FM,5.00,S,VK3RAG 2 Renies,,VK3RAG 2,
239,VK3RBA 2 Bunyng,146.7500,-,0.600,TSQL,91.5,91.5,023,NN,FM,5.00,S,VK3RBA 2 Bunyng,,VK3RBA 2,
240,VK3RBQ 2 Dimbol,147.2000,+,0.600,,88.5,88.5,023,NN,FM,5.00,S,VK3RBQ 2 Dimbol,,VK3RBQ 2,
241,VK3RBT 2 GreenH,146.6500,-,0.600,TSQL,91.5,91.5,023,NN,FM,5.00,S,VK3RBT 2 GreenH,,VK3RBT 2,
242,VK3RCA 2 Torumb,146.6750,-,0.600,,88.5,88.5,023,NN,FM,5.00,S,VK3RCA 2 Torumb,,VK3RCA 2,
243,VK3RCV 2 Alex,147.1500,+,0.600,,88.5,88.5,023,NN,FM,5.00,S,VK3RCV 2 Alex,,VK3RCV 2,
244,VK3RDG 2 Delegt,147.1250,+,0.600,,88.5,88.5,023,NN,FM,5.00,S,VK3RDG 2 Delegt,,VK3RDG 2,
245,VK3RDU 2 Major,146.8500,-,0.600,,88.5,88.5,023,NN,FM,5.00,S,VK3RDU 2 Major,,VK3RDU 2,
246,VK3REB 2 MntNow,146.9000,-,0.600,,88.5,88.5,023,NN,FM,5.00,S,VK3REB 2 MntNow,,VK3REB 2,
247,VK3REG 2 MntCan,146.6500,-,0.600,,88.5,88.5,023,NN,FM,5.00,S,VK3REG 2 MntCan,,VK3REG 2,
248,VK3REM 2 MarHil,147.1500,+,0.600,,88.5,88.5,023,NN,FM,5.00,S,VK3REM 2 MarHil,,VK3REM 2,
249,VK3RGH 2 GreenH,146.8750,-,0.600,TSQL,91.5,91.5,023,NN,FM,5.00,S,VK3RGH 2 GreenH,,VK3RGH 2,
250,VK3RGS 2 Mt Fatigue,147.0250,+,0.600,TSQL,123,123,023,NN,FM,5.00,S,VK3RGS 2 Mt Fatigue,,VK3RGS 2,
251,VK3RGV 2 Wombat,146.6500,-,0.600,TSQL,123,123,023,NN,FM,5.00,S,VK3RGV 2 Wombat,,VK3RGV 2,
252,VK3RHO 2 Hotham,147.0500,+,0.600,,88.5,88.5,023,NN,FM,5.00,S,VK3RHO 2 Hotham,,VK3RHO 2,
253,VK3RLV 2 Tassie,146.8000,-,0.600,,88.5,88.5,023,NN,FM,5.00,S,VK3RLV 2 Tassie,,VK3RLV 2,
254,VK3RMA 2 Mildra,146.8000,-,0.600,,88.5,88.5,023,NN,FM,5.00,S,VK3RMA 2 Mildra,,VK3RMA 2,
255,VK3RMK 2 Kerang,147.0250,+,0.600,,88.5,88.5,023,NN,FM,5.00,S,VK3RMK 2 Kerang,,VK3RMK 2,
256,VK3RMP 2 Caveat,147.2750,+,0.600,TSQL,91.5,91.5,023,NN,FM,5.00,S,VK3RMP 2 Caveat,,VK3RMP 2,
257,VK3RNE 2 BigBen,147.0000,-,0.600,,88.5,88.5,023,NN,FM,5.00,S,VK3RNE 2 BigBen,,VK3RNE 2,
258,VK3RON 2 Ouyen,146.7000,-,0.600,,88.5,88.5,023,NN,FM,5.00,S,VK3RON 2 Ouyen,,VK3RON 2,
259,VK3ROW 2 BeechF,147.2750,+,0.600,TSQL,91.5,91.5,023,NN,FM,5.00,S,VK3ROW 2 BeechF,,VK3ROW 2,
260,VK3RPB 2 Bright,147.1000,+,0.600,,88.5,88.5,023,NN,FM,5.00,S,VK3RPB 2 Bright,,VK3RPB 2,
261,VK3RPL 2 Portld,146.8250,-,0.600,TSQL,91.5,91.5,023,NN,FM,5.00,S,VK3RPL 2 Portld,,VK3RPL 2,
262,VK3RSG 2 BassH,147.1000,+,0.600,,88.5,88.5,023,NN,FM,5.00,S,VK3RSG 2 BassH,,VK3RSG 2,
263,VK3RVL 2 RobinV,147.0500,+,0.600,,88.5,88.5,023,NN,FM,5.00,S,VK3RVL 2 RobinV,,VK3RVL 2,
264,VK3RWA 2 BenNev,147.1000,+,0.600,TSQL,91.5,91.5,023,NN,FM,5.00,S,VK3RWA 2 BenNev,,VK3RWA 2,
265,VK3RWG 2 BawSq,147.2250,+,0.600,,88.5,88.5,023,NN,FM,5.00,S,VK3RWG 2 BawSq,,VK3RWG 2,
266,VK3RWL 2 Warnum,147.0500,+,0.600,,88.5,88.5,023,NN,FM,5.00,S,VK3RWL 2 Warnum,,VK3RWL 2,
267,VK3RWM 2 Arapls,146.8500,-,0.600,,88.5,88.5,023,NN,FM,5.00,S,VK3RWM 2 Arapls,,VK3RWM 2,
268,VK3RWZ 2 Wiliam,146.9500,-,0.600,TSQL,91.5,91.5,023,NN,FM,5.00,S,VK3RWZ 2 Wiliam,,VK3RWZ 2,
269,VK3RBA 7 Bunyng,439.2750,-,5.000,TSQL,91.5,91.5,023,NN,FM,5.00,S,VK3RBA 7 Bunyng,,VK3RBA 7,
270,VK3RBL 7 Bambill South,439.8250,-,5.000,,88.5,88.5,023,NN,FM,5.00,S,VK3RBL 7 Bambill South,,VK3RBL 7,
271,VK3RBN 7 Burrumbeet,438.3500,-,5.000,TSQL,91.5,91.5,023,NN,FM,5.00,S,VK3RBN 7 Burrumbeet,,VK3RBN 7,
272,VK3RBO 7 Specimen Hill,438.0250,-,5.000,,88.5,88.5,023,NN,FM,5.00,S,VK3RBO 7 Specimen Hill,,VK3RBO 7,
273,VK3RBP 7 Horsham,439.7000,-,5.000,TSQL,91.5,91.5,023,NN,FM,5.00,S,VK3RBP 7 Horsham,,VK3RBP 7,
274,VK3RBU 7 Mt Hollowback,438.4750,-,5.000,TSQL,91.5,91.5,023,NN,FM,5.00,S,VK3RBU 7 Mt Hollowback,,VK3RBU 7,
275,VK3RCP 7 Ouyen,438.0250,-,5.000,,88.5,88.5,023,NN,FM,5.00,S,VK3RCP 7 Ouyen,,VK3RCP 7,
276,VK3RCU 7 Mt Moliagul,438.4250,-,5.000,,88.5,88.5,023,NN,FM,5.00,S,VK3RCU 7 Mt Moliagul,,VK3RCU 7,
277,VK3RDU 7 Major,438.0750,-,5.000,,88.5,88.5,023,NN,FM,5.00,S,VK3RDU 7 Major,,VK3RDU 7,
278,VK3RDUA7 Major,439.8750,-,5.000,,88.5,88.5,023,NN,FM,5.00,S,VK3RDUA7 Major,,VK3RDUA7,
279,VK3REG 7 MntCan,438.0250,-,5.000,,88.5,88.5,023,NN,FM,5.00,S,VK3REG 7 MntCan,,VK3REG 7,
280,VK3RGH 7 GreenH,439.3250,-,5.000,TSQL,91.5,91.5,023,NN,FM,5.00,S,VK3RGH 7 GreenH,,VK3RGH 7,
281,VK3RGS 7 Mt Fatigue,438.3750,-,5.000,,88.5,88.5,023,NN,FM,5.00,S,VK3RGS 7 Mt Fatigue,,VK3RGS 7,
282,VK3RGV 7 Wombat,439.7750,-,5.000,TSQL,123,123,023,NN,FM,5.00,S,VK3RGV 7 Wombat,,VK3RGV 7,
283,VK3RHO 7 Hotham,438.3750,-,5.000,,88.5,88.5,023,NN,FM,5.00,S,VK3RHO 7 Hotham,,VK3RHO 7,
284,VK3RLE 7 Paps,438.1250,-,5.000,,88.5,88.5,023,NN,FM,5.00,S,VK3RLE 7 Paps,,VK3RLE 7,
285,VK3RLV 7 Tassie,438.3750,-,5.000,,88.5,88.5,023,NN,FM,5.00,S,VK3RLV 7 Tassie,,VK3RLV 7,
286,VK3RMG 7 Mt Broughton,439.9500,-,5.000,,88.5,88.5,023,NN,FM,5.00,S,VK3RMG 7 Mt Broughton,,VK3RMG 7,
287,VK3RMP 7 Caveat,439.3500,-,5.000,TSQL,91.5,91.5,023,NN,FM,5.00,S,VK3RMP 7 Caveat,,VK3RMP 7,
288,VK3RNE 7 BigBen,439.4250,-,5.000,,88.5,88.5,023,NN,FM,5.00,S,VK3RNE 7 BigBen,,VK3RNE 7,
289,VK3RNU 7 Mt Stanley,438.5250,-,5.000,,88.5,88.5,023,NN,FM,5.00,S,VK3RNU 7 Mt Stanley,,VK3RNU 7,
290,VK3RPL 7 Portld,439.9500,-,5.000,TSQL,91.5,91.5,023,NN,FM,5.00,S,VK3RPL 7 Portld,,VK3RPL 7,
291,VK3RRU 7 Merbein,438.5250,-,5.000,,88.5,88.5,023,NN,FM,5.00,S,VK3RRU 7 Merbein,,VK3RRU 7,
292,VK3RTU 7 MntTay,439.5250,-,5.000,,88.5,88.5,023,NN,FM,5.00,S,VK3RTU 7 MntTay,,VK3RTU 7,
293,VK3RUG 7 Devil's River,438.1750,-,5.000,,88.5,88.5,023,NN,FM,5.00,S,VK3RUG 7 Devil's River,,VK3RUG 7,
294,VK3RWD 7 Drouin,438.5750,-,5.000,TSQL,91.5,91.5,023,NN,FM,5.00,S,VK3RWD 7 Drouin,,VK3RWD 7,
295,VK3RWG 7 BawSq,438.3750,-,5.000,,88.5,88.5,023,NN,FM,5.00,S,VK3RWG 7 BawSq,,VK3RWG 7,
296,VK3RWL 7 Warnum,439.8750,-,5.000,,88.5,88.5,023,NN,FM,5.00,S,VK3RWL 7 Warnum,,VK3RWL 7,
297,VK3RWU 7 Mt William,438.6750,-,5.000,TSQL,91.5,91.5,023,NN,FM,5.00,S,VK3RWU 7 Mt William,,VK3RWU 7,
298,VK3RZU 7 Mt Buller,439.6750,-,5.000,,88.5,88.5,023,NN,FM,5.00,S,VK3RZU 7 Mt Buller,,VK3RZU 7,
299,VK4RBX C The Knobby,146.7875,-,0.600,,88.5,88.5,023,NN,DV,5.00,S,VK4RBX C The Knobby,CQCQCQ,VK4RBX C,VK4RBX G
300,VK4RDK B Mt Tamborine,438.3125,-,5.400,,88.5,88.5,023,NN,DV,5.00,S,VK4RDK B Mt Tamborine,CQCQCQ,VK4RDK B,VK4RDK G
301,VK4RDW B Wongawallan,438.3500,-,5.400,,88.5,88.5,023,NN,DV,5.00,S,VK4RDW B Wongawallan,CQCQCQ,VK4RDW B,VK4RDW G
302,VK4RWN B Springbrook,438.2250,-,5.400,,88.5,88.5,023,NN,DV,5.00,S,VK4RWN B Springbrook,CQCQCQ,VK4RWN B,VK4RWN G
303,VK4RWN C Springbrook,146.8375,-,0.600,,88.5,88.5,023,NN,DV,5.00,S,VK4RWN C Springbrook,CQCQCQ,VK4RWN C,VK4RWN G
304,VK4RAG 2 Spring Hill,147.1500,+,0.600,,88.5,88.5,023,NN,FM,5.00,S,VK4RAG 2 Spring Hill,,VK4RAG 2,
305,VK4RAI 2 The Knobby,146.9000,-,0.600,,88.5,88.5,023,NN,FM,5.00,S,VK4RAI 2 The Knobby,,VK4RAI 2,
306,VK4RAX 2 Mt Cotton,147.0750,+,0.600,,88.5,88.5,023,NN,FM,5.00,S,VK4RAX 2 Mt Cotton,,VK4RAX 2,
307,VK4RBN 2 Mt Glorious,147.0000,-,0.600,TSQL,91.5,91.5,023,NN,FM,5.00,S,VK4RBN 2 Mt Glorious,,VK4RBN 2,
308,VK4RBQ 2 Mt Coot-tha,146.9500,-,0.600,TSQL,91.5,91.5,023,NN,FM,5.00,S,VK4RBQ 2 Mt Coot-tha,,VK4RBQ 2,
309,VK4RBR 2 Mt Gravatt,147.9500,-,0.600,,88.5,88.5,023,NN,FM,5.00,S,VK4RBR 2 Mt Gravatt,,VK4RBR 2,
310,VK4RBS 2 Alexandra Hills,146.8750,-,0.600,,88.5,88.5,023,NN,FM,5.00,S,VK4RBS 2 Alexandra Hills,,VK4RBS 2,
311,VK4RBT 2 Mt Tambourine,147.8000,-,0.600,,88.5,88.5,023,NN,FM,5.00,S,VK4RBT 2 Mt Tambourine,,VK4RBT 2,
312,VK4RGC 2 Springbrook,146.7000,-,0.600,TSQL,123,123,023,NN,FM,5.00,S,VK4RGC 2 Springbrook,,VK4RGC 2,
313,VK4RKP 2 Mt Crosby,146.7250,-,0.600,,88.5,88.5,023,NN,FM,5.00,S,VK4RKP 2 Mt Crosby,,VK4RKP 2,
314,VK4RLB 2 Woodridge,147.6250,-,0.600,,88.5,88.5,023,NN,FM,5.00,S,VK4RLB 2 Woodridge,,VK4RLB 2,
315,VK4RLW 2 Spring Mtn,146.9750,-,0.600,TSQL,91.5,91.5,023,NN,FM,5.00,S,VK4RLW 2 Spring Mtn,,VK4RLW 2,
316,VK4RWM 2 North Ipswich,147.1750,+,0.600,,88.5,88.5,023,NN,FM,5.00,S,VK4RWM 2 North Ipswich,,VK4RWM 2,
317,VK4RAG 7 Spring Hill,438.6250,-,5.000,,88.5,88.5,023,NN,FM,5.00,S,VK4RAG 7 Spring Hill,,VK4RAG 7,
318,VK4RAI 7 The Knobby,439.3250,-,5.000,TSQL,91.5,91.5,023,NN,FM,5.00,S,VK4RAI 7 The Knobby,,VK4RAI 7,
319,VK4RBA 7 Sunnybank,439.9500,-,5.000,TSQL,123,123,023,NN,FM,5.00,S,VK4RBA 7 Sunnybank,,VK4RBA 7,
320,VK4RBQ 7 Mt Coot-Tha,439.3000,-,5.000,,88.5,88.5,023,NN,FM,5.00,S,VK4RBQ 7 Mt Coot-Tha,,VK4RBQ 7,
321,VK4RBR 7 Mt Gravatt,438.2750,-,5.000,,88.5,88.5,023,NN,FM,5.00,S,VK4RBR 7 Mt Gravatt,,VK4RBR 7,
322,VK4RBS 7 Alexandra Hills,439.7250,-,5.000,TSQL,91.5,91.5,023,NN,FM,5.00,S,VK4RBS 7 Alexandra Hills,,VK4RBS 7,
323,VK4RBX 7 The Knobby,438.4250,-,5.000,TSQL,123,123,023,NN,FM,5.00,S,VK4RBX 7 The Knobby,,VK4RBX 7,
324,VK4RGC 7 Springbrook,438.6000,-,5.000,TSQL,123,123,023,NN,FM,5.00,S,VK4RGC 7 Springbrook,,VK4RGC 7,
325,VK4RLB 7 Woodridge,438.7500,-,5.000,,88.5,88.5,023,NN,FM,5.00,S,VK4RLB 7 Woodridge,,VK4RLB 7,
326,VK4RLW 7 Spring Mtn,438.5000,-,5.000,TSQL,91.5,91.5,023,NN,FM,5.00,S,VK4RLW 7 Spring Mtn,,VK4RLW 7,
327,VK4RSM 7 Spring Mtn,439.3000,-,5.000,TSQL,91.5,91.5,023,NN,FM,5.00,S,VK4RSM 7 Spring Mtn,,VK4RSM 7,
328,VK4RWM 7 North Ipswich,438.3750,-,5.000,TSQL,91.5,91.5,023,NN,FM,5.00,S,VK4RWM 7 North Ipswich,,VK4RWM 7,
329,VK4RWMA7 North Ipswich,439.9250,-,5.000,TSQL,91.5,91.5,023,NN,FM,5.00,S,VK4RWMA7 North Ipswich,,VK4RWMA7,
330,VK4RZA 7 Springbrook,438.1000,-,5.000,TSQL,91.5,91.5,023,NN,FM,5.00,S,VK4RZA 7 Springbrook,,VK4RZA 7,
331,VK4RZB 7 Mt Coot-tha,438.2000,-,5.000,TSQL,91.5,91.5,023,NN,FM,5.00,S,VK4RZB 7 Mt Coot-tha,,VK4RZB 7,
332,VK4RAS B Carborough Range,439.9500,-,5.000,,88.5,88.5,023,NN,DV,5.00,S,VK4RAS B Carborough Range,CQCQCQ,VK4RAS B,VK4RAS G
333,VK4RBD C Blackdown Tableland,146.6375,-,0.600,,88.5,88.5,023,NN,DV,5.00,S,VK4RBD C Blackdown Tableland,CQCQCQ,VK4RBD C,VK4RBD G
334,VK4RBY B Black Mtn,438.4500,-,5.000,,88.5,88.5,023,NN,DV,5.00,S,VK4RBY B Black Mtn,CQCQCQ,VK4RBY B,VK4RBY G
335,VK4RBY C Black Mtn,146.6500,-,0.600,,88.5,88.5,023,NN,DV,5.00,S,VK4RBY C Black Mtn,CQCQCQ,VK4RBY C,VK4RBY G
336,VK4RCN B Manoora,438.3250,-,5.400,,88.5,88.5,023,NN,DV,5.00,S,VK4RCN B Manoora,CQCQCQ,VK4RCN B,VK4RCN G
337,VK4RCN C Manoora,147.3000,+,0.600,,88.5,88.5,023,NN,DV,5.00,S,VK4RCN C Manoora,CQCQCQ,VK4RCN C,VK4RCN G
338,VK4RDS B Wilkes Knob,438.5500,-,5.200,,88.5,88.5,023,NN,DV,5.00,S,VK4RDS B Wilkes Knob,CQCQCQ,VK4RDS B,VK4RDS G
339,VK4RDS C Wilkes Knob,146.7375,-,0.600,,88.5,88.5,023,NN,DV,5.00,S,VK4RDS C Wilkes Knob,CQCQCQ,VK4RDS C,VK4RDS G
340,VK4RSA B Sarina,438.2750,-,5.400,,88.5,88.5,023,NN,DV,5.00,S,VK4RSA B Sarina,CQCQCQ,VK4RSA B,VK4RSA G
341,VK4RUS B Sarina,438.4500,-,5.000,,88.5,88.5,023,NN,DV,5.00,S,VK4RUS B Sarina,CQCQCQ,VK4RUS B,VK4RUS G
342,VK4RAR 2 Mt Archer,146.7000,-,0.600,TSQL,91.5,91.5,023,NN,FM,5.00,S,VK4RAR 2 Mt Archer,,VK4RAR 2,
343,VK4RAS 2 Carborough Range,146.8750,-,0.600,,88.5,88.5,023,NN,FM,5.00,S,VK4RAS 2 Carborough Range,,VK4RAS 2,
344,VK4RAT 2 Mt Stuart,146.7000,-,0.600,,88.5,88.5,023,NN,FM,5.00,S,VK4RAT 2 Mt Stuart,,VK4RAT 2,
345,VK4RBD 2 Blackdown Tableland,146.9500,-,0.600,TSQL,91.5,91.5,023,NN,FM,5.00,S,VK4RBD 2 Blackdown Tableland,,VK4RBD 2,
346,VK4RBG 2 The Hummock,147.8000,-,0.600,,88.5,88.5,023,NN,FM,5.00,S,VK4RBG 2 The Hummock,,VK4RBG 2,
347,VK4RBM 2 Blue Mtn,146.7750,-,0.600,TSQL,91.5,91.5,023,NN,FM,5.00,S,VK4RBM 2 Blue Mtn,,VK4RBM 2,
348,VK4RBP 2 Butchers Creek,147.1000,+,0.600,,88.5,88.5,023,NN,FM,5.00,S,VK4RBP 2 Butchers Creek,,VK4RBP 2,
349,VK4RBU 2 MtGoon,146.8000,-,0.600,,88.5,88.5,023,NN,FM,5.00,S,VK4RBU 2 MtGoon,,VK4RBU 2,
350,VK4RCA 2 Mt Haren,146.9500,-,0.600,,88.5,88.5,023,NN,FM,5.00,S,VK4RCA 2 Mt Haren,,VK4RCA 2,
351,VK4RCC 2 Caboolture,146.6250,-,0.600,,88.5,88.5,023,NN,FM,5.00,S,VK4RCC 2 Caboolture,,VK4RCC 2,
352,VK4RCM 2 GymSth,146.7250,-,0.600,TSQL,91.5,91.5,023,NN,FM,5.00,S,VK4RCM 2 GymSth,,VK4RCM 2,
353,VK4RCQ 2 Banana Range,147.0000,-,0.600,,88.5,88.5,023,NN,FM,5.00,S,VK4RCQ 2 Banana Range,,VK4RCQ 2,
354,VK4RCR 2 Braeside,146.8250,-,0.600,,88.5,88.5,023,NN,FM,5.00,S,VK4RCR 2 Braeside,,VK4RCR 2,
355,VK4RDD 2 O'Rourke's House,146.7500,-,0.600,,88.5,88.5,023,NN,FM,5.00,S,VK4RDD 2 O'Rourke's House,,VK4RDD 2,
356,VK4RED 2 Dalby,147.2500,+,0.600,,88.5,88.5,023,NN,FM,5.00,S,VK4RED 2 Dalby,,VK4RED 2,
357,VK4REG 2 Mt Mowbullan,146.9500,-,0.600,TSQL,91.5,91.5,023,NN,FM,5.00,S,VK4REG 2 Mt Mowbullan,,VK4REG 2,
358,VK4REP 2 Middlemount,147.0750,+,0.600,,88.5,88.5,023,NN,FM,5.00,S,VK4REP 2 Middlemount,,VK4REP 2,
359,VK4RET 2 Mt Kiangarow,146.6750,-,0.600,TSQL,91.5,91.5,023,NN,FM,5.00,S,VK4RET 2 Mt Kiangarow,,VK4RET 2,
360,VK4RGA 2 Kroombit Tops,146.9000,-,0.600,TSQL,91.5,91.5,023,NN,FM,5.00,S,VK4RGA 2 Kroombit Tops,,VK4RGA 2,
361,VK4RGAA2 Kroombit Tops,147.3750,+,0.600,TSQL,91.5,91.5,023,NN,FM,5.00,S,VK4RGAA2 Kroombit Tops,,VK4RGAA2,
362,VK4RGN 2 GymNth,146.7750,-,0.600,,88.5,88.5,023,NN,FM,5.00,S,VK4RGN 2 GymNth,,VK4RGN 2,
363,VK4RGT 2 Maurice Hill,146.6250,-,0.600,TSQL,91.5,91.5,023,NN,FM,5.00,S,VK4RGT 2 Maurice Hill,,VK4RGT 2,
364,VK4RHB 2 Booral,146.6500,-,0.600,,88.5,88.5,023,NN,FM,5.00,S,VK4RHB 2 Booral,,VK4RHB 2,
365,VK4RHR 2 Hodgson Range,146.9250,-,0.600,,88.5,88.5,023,NN,FM,5.00,S,VK4RHR 2 Hodgson Range,,VK4RHR 2,
366,VK4RHT 2 Hann Tableland,146.6750,-,0.600,,88.5,88.5,023,NN,FM,5.00,S,VK4RHT 2 Hann Tableland,,VK4RHT 2,
367,VK4RKC 2 Oceanview,145.6250,+,0.000,,88.5,88.5,023,NN,FM,5.00,S,VK4RKC 2 Oceanview,,VK4RKC 2,
368,VK4RKCA2 Oceanview,147.9000,-,0.600,,88.5,88.5,023,NN,FM,5.00,S,VK4RKCA2 Oceanview,,VK4RKCA2,
369,VK4RMI 2 Four Mile Hill,146.7000,-,0.600,,88.5,88.5,023,NN,FM,5.00,S,VK4RMI 2 Four Mile Hill,,VK4RMI 2,
370,VK4RMK 2 Mt Blackwood,147.0000,-,0.600,,88.5,88.5,023,NN,FM,5.00,S,VK4RMK 2 Mt Blackwood,,VK4RMK 2,
371,VK4RMM 2 Stanthorpe,147.1250,+,0.600,,88.5,88.5,023,NN,FM,5.00,S,VK4RMM 2 Stanthorpe,,VK4RMM 2,
372,VK4RMP 2 Midge Point,146.8000,-,0.600,,88.5,88.5,023,NN,FM,5.00,S,VK4RMP 2 Midge Point,,VK4RMP 2,
373,VK4RNL 2 Doonan,147.2750,+,0.600,,88.5,88.5,023,NN,FM,5.00,S,VK4RNL 2 Doonan,,VK4RNL 2,
374,VK4ROM 2 Grafton Range,146.6500,-,0.600,,88.5,88.5,023,NN,FM,5.00,S,VK4ROM 2 Grafton Range,,VK4ROM 2,
375,VK4RPU 2 Mt Perry,146.7500,-,0.600,,88.5,88.5,023,NN,FM,5.00,S,VK4RPU 2 Mt Perry,,VK4RPU 2,
376,VK4RRC 2 Wamuran,146.9250,-,0.600,,88.5,88.5,023,NN,FM,5.00,S,VK4RRC 2 Wamuran,,VK4RRC 2,
377,VK4RRR 2 Mt Seaview,146.9750,-,0.600,,88.5,88.5,023,NN,FM,5.00,S,VK4RRR 2 Mt Seaview,,VK4RRR 2,
378,VK4RSA 2 Sarina,146.6750,-,0.600,,88.5,88.5,023,NN,FM,5.00,S,VK4RSA 2 Sarina,,VK4RSA 2,
379,VK4RSC 2 Wilkes Knob,146.8500,-,0.600,TSQL,91.5,91.5,023,NN,FM,5.00,S,VK4RSC 2 Wilkes Knob,,VK4RSC 2,
380,VK4RSL 2 Noosa Heads,146.8250,-,0.600,TSQL,91.5,91.5,023,NN,FM,5.00,S,VK4RSL 2 Noosa Heads,,VK4RSL 2,
381,VK4RSP 2 Roddas Lookout,146.8250,-,0.600,,88.5,88.5,023,NN,FM,5.00,S,VK4RSP 2 Roddas Lookout,,VK4RSP 2,
382,VK4RAR 7 Mt Archer,438.2250,-,5.000,TSQL,91.5,91.5,023,NN,FM,5.00,S,VK4RAR 7 Mt Archer,,VK4RAR 7,
383,VK4RAT 7 Mt Stuart,438.2250,-,5.000,TSQL,91.5,91.5,023,NN,FM,5.00,S,VK4RAT 7 Mt Stuart,,VK4RAT 7,
384,VK4RBK 7 Tolga,439.9000,-,5.000,,88.5,88.5,023,NN,FM,5.00,S,VK4RBK 7 Tolga,,VK4RBK 7,
385,VK4RBM 7 Blue Mtn,439.3000,-,5.000,,88.5,88.5,023,NN,FM,5.00,S,VK4RBM 7 Blue Mtn,,VK4RBM 7,
386,VK4RBP 7 Butchers Creek,439.7750,-,5.000,,88.5,88.5,023,NN,FM,5.00,S,VK4RBP 7 Butchers Creek,,VK4RBP 7,
387,VK4RBPA7 Butchers Creek,439.9250,-,5.000,,88.5,88.5,023,NN,FM,5.00,S,VK4RBPA7 Butchers Creek,,VK4RBPA7,
388,VK4RBU 7 MtGoon,438.7750,-,5.000,,88.5,88.5,023,NN,FM,5.00,S,VK4RBU 7 MtGoon,,VK4RBU 7,
389,VK4RBW 7 BundaN,439.7750,-,5.000,,88.5,88.5,023,NN,FM,5.00,S,VK4RBW 7 BundaN,,VK4RBW 7,
390,VK4RCA 7 Cairns,439.8500,-,5.000,,88.5,88.5,023,NN,FM,5.00,S,VK4RCA 7 Cairns,,VK4RCA 7,
391,VK4RCQ 7 Banana Range,439.8750,-,5.000,,88.5,88.5,023,NN,FM,5.00,S,VK4RCQ 7 Banana Range,,VK4RCQ 7,
392,VK4RDD 7 O'Rourke's House,439.2750,-,5.000,,88.5,88.5,023,NN,FM,5.00,S,VK4RDD 7 O'Rourke's House,,VK4RDD 7,
393,VK4REG 7 Mt Mowbullan,438.6500,-,5.000,TSQL,91.5,91.5,023,NN,FM,5.00,S,VK4REG 7 Mt Mowbullan,,VK4REG 7,
394,VK4RET 7 Mt Kiangarow,438.7000,-,5.000,TSQL,91.5,91.5,023,NN,FM,5.00,S,VK4RET 7 Mt Kiangarow,,VK4RET 7,
395,VK4RGL 7 Lady Larcom,439.8000,-,5.000,TSQL,91.5,91.5,023,NN,FM,5.00,S,VK4RGL 7 Lady Larcom,,VK4RGL 7,
396,VK4RGT 7 Maurice Hill,438.0500,-,5.000,,88.5,88.5,023,NN,FM,5.00,S,VK4RGT 7 Maurice Hill,,VK4RGT 7,
397,VK4RGY 7 Gympie,439.9500,-,5.000,,88.5,88.5,023,NN,FM,5.00,S,VK4RGY 7 Gympie,,VK4RGY 7,
398,VK4RHR 7 Hodgson Range,438.5000,-,5.000,,88.5,88.5,023,NN,FM,5.00,S,VK4RHR 7 Hodgson Range,,VK4RHR 7,
399,VK4RNL 7 Doonan,439.3750,-,5.000,,88.5,88.5,023,NN,FM,5.00,S,VK4RNL 7 Doonan,,VK4RNL 7,
400,VK4RPH 7 Mt Haren,438.2250,-,5.400,TSQL,123,123,023,NN,FM,5.00,S,VK4RPH 7 Mt Haren,,VK4RPH 7,
401,VK4RPU 7 Mt Perry,438.7500,-,5.000,,88.5,88.5,023,NN,FM,5.00,S,VK4RPU 7 Mt Perry,,VK4RPU 7,
402,VK4RRC 7 Wamuran,438.3250,-,5.000,TSQL,91.5,91.5,023,NN,FM,5.00,S,VK4RRC 7 Wamuran,,VK4RRC 7,
403,VK4RSA 7 Sarina,439.6250,-,5.000,,88.5,88.5,023,NN,FM,5.00,S,VK4RSA 7 Sarina,,VK4RSA 7,
404,VK4RSC 7 Wilkes Knob,438.0750,-,5.000,TSQL,91.5,91.5,023,NN,FM,5.00,S,VK4RSC 7 Wilkes Knob,,VK4RSC 7,
405,VK4RSL 7 Noosa Heads,438.1750,-,5.000,TSQL,91.5,91.5,023,NN,FM,5.00,S,VK4RSL 7 Noosa Heads,,VK4RSL 7,
406,VK4RSS 7 Ocean View,438.5750,-,5.000,TSQL,91.5,91.5,023,NN,FM,5.00,S,VK4RSS 7 Ocean View,,VK4RSS 7,
407,VK4RTQ 7 Mt Kynoch,438.0250,-,5.000,TSQL,91.5,91.5,023,NN,FM,5.00,S,VK4RTQ 7 Mt Kynoch,,VK4RTQ 7,
408,VK4RWS 7 Nebo,438.6750,-,5.000,TSQL,91.5,91.5,023,NN,FM,5.00,S,VK4RWS 7 Nebo,,VK4RWS 7,
409,VK4RXZ 7 Maleny,439.9000,-,5.000,,88.5,88.5,023,NN,FM,5.00,S,VK4RXZ 7 Maleny,,VK4RXZ 7,
410,VK4RZC 7 Wilkes Knob,438.1250,-,5.000,TSQL,91.5,91.5,023,NN,FM,5.00,S,VK4RZC 7 Wilkes Knob,,VK4RZC 7,
411,VK4RZD 7 Mt Perseverance,438.0500,-,5.000,TSQL,91.5,91.5,023,NN,FM,5.00,S,VK4RZD 7 Mt Perseverance,,VK4RZD 7,
412,VK5REX B Winter Hill,438.2250,-,5.400,,88.5,88.5,023,NN,DV,5.00,S,VK5REX B Winter Hill,CQCQCQ,VK5REX B,VK5REX G
413,VK5REX C Winter Hill,146.9625,-,0.600,,88.5,88.5,023,NN,DV,5.00,S,VK5REX C Winter Hill,CQCQCQ,VK5REX C,VK5REX G
414,VK5RMK B Renmark,438.0750,-,5.400,,88.5,88.5,023,NN,DV,5.00,S,VK5RMK B Renmark,CQCQCQ,VK5RMK B,VK5RMK G
415,VK5RWN B Banksia Park,438.4000,-,5.400,,88.5,88.5,023,NN,DV,5.00,S,VK5RWN B Banksia Park,CQCQCQ,VK5RWN B,VK5RWN G
416,VK5RWN C Banksia Park,146.9375,-,0.600,,88.5,88.5,023,NN,DV,5.00,S,VK5RWN C Banksia Park,CQCQCQ,VK5RWN C,VK5RWN G
417,VK8RAD B Palmerston,438.7500,-,5.000,,88.5,88.5,023,NN,DV,5.00,S,VK8RAD B Palmerston,CQCQCQ,VK8RAD B,VK8RAD G
418,VK8RAD C Palmerston,146.7000,-,0.600,,88.5,88.5,023,NN,DV,5.00,S,VK8RAD C Palmerston,CQCQCQ,VK8RAD C,VK8RAD G
419,VK5RAC 2 Pillaworta Hill,146.7500,-,0.600,,88.5,88.5,023,NN,FM,5.00,S,VK5RAC 2 Pillaworta Hill,,VK5RAC 2,
420,VK5RAD 2 Crafers,147.0000,-,0.600,,88.5,88.5,023,NN,FM,5.00,S,VK5RAD 2 Crafers,,VK5RAD 2,
421,VK5RAE 2 Mt Arden,146.9750,-,0.600,,88.5,88.5,023,NN,FM,5.00,S,VK5RAE 2 Mt Arden,,VK5RAE 2,
422,VK5RAH 2 Lobethal,146.7750,-,0.600,,88.5,88.5,023,NN,FM,5.00,S,VK5RAH 2 Lobethal,,VK5RAH 2,
423,VK5RBK 2 Mt Barker,146.7250,-,0.600,,88.5,88.5,023,NN,FM,5.00,S,VK5RBK 2 Mt Barker,,VK5RBK 2,
424,VK5RBP 2 portable,147.2000,+,0.600,,88.5,88.5,023,NN,FM,5.00,S,VK5RBP 2 portable,,VK5RBP 2,
425,VK5RBT 2 Willalooka,147.3500,+,0.600,,88.5,88.5,023,NN,FM,5.00,S,VK5RBT 2 Willalooka,,VK5RBT 2,
426,VK5RBV 2 Mt Kitchener,146.8250,-,0.600,,88.5,88.5,023,NN,FM,5.00,S,VK5RBV 2 Mt Kitchener,,VK5RBV 2,
427,VK5REP 2 Coolanie,146.8000,-,0.600,,88.5,88.5,023,NN,FM,5.00,S,VK5REP 2 Coolanie,,VK5REP 2,
428,VK5RHO 2 Anstey Hill,146.8500,-,0.600,,88.5,88.5,023,NN,FM,5.00,S,VK5RHO 2 Anstey Hill,,VK5RHO 2,
429,VK5RKN 2 Kingst,147.3750,+,0.600,,88.5,88.5,023,NN,FM,5.00,S,VK5RKN 2 Kingst,,VK5RKN 2,
430,VK5RLD 2 Moorook,147.3250,+,0.600,,88.5,88.5,023,NN,FM,5.00,S,VK5RLD 2 Moorook,,VK5RLD 2,
431,VK5RLH 2 Bumbunga Hill,146.9250,-,0.600,,88.5,88.5,023,NN,FM,5.00,S,VK5RLH 2 Bumbunga Hill,,VK5RLH 2,
432,VK5RLZ 2 Elizabeth,146.6250,-,0.600,,88.5,88.5,023,NN,FM,5.00,S,VK5RLZ 2 Elizabeth,,VK5RLZ 2,
433,VK5RMB 2 Mt Beevor,146.8750,-,0.600,,88.5,88.5,023,NN,FM,5.00,S,VK5RMB 2 Mt Beevor,,VK5RMB 2,
434,VK5RMG 2 MtgVHF,146.9000,-,0.600,,88.5,88.5,023,NN,FM,5.00,S,VK5RMG 2 MtgVHF,,VK5RMG 2,
435,VK5RMN 2 The Bluff,146.7000,-,0.600,,88.5,88.5,023,NN,FM,5.00,S,VK5RMN 2 The Bluff,,VK5RMN 2,
436,VK5RNC 2 Ncte,146.6500,-,0.600,,88.5,88.5,023,NN,FM,5.00,S,VK5RNC 2 Ncte,,VK5RNC 2,
437,VK5RSC 2 Mt Terrible,29.6200,+,118.055,TSQL,141.3,141.3,023,NN,FM,5.00,S,VK5RSC 2 Mt Terrible,,VK5RSC 2,
438,VK5RSE 2 MtGrah,146.8000,-,0.600,,88.5,88.5,023,NN,FM,5.00,S,VK5RSE 2 MtGrah,,VK5RSE 2,
439,VK5RSV 2 Willunga Hill,146.6750,-,0.600,,88.5,88.5,023,NN,FM,5.00,S,VK5RSV 2 Willunga Hill,,VK5RSV 2,
440,VK5RWI 2 portable,147.3000,+,0.600,,88.5,88.5,023,NN,FM,5.00,S,VK5RWI 2 portable,,VK5RWI 2,
441,VK8RCA 2 ASpr2,146.9500,-,0.600,TSQL,91.5,91.5,023,NN,FM,5.00,S,VK8RCA 2 ASpr2,,VK8RCA 2,
442,VK8RDA 2 Darwin,146.9000,-,0.600,TSQL,123,123,023,NN,FM,5.00,S,VK8RDA 2 Darwin,,VK8RDA 2,
443,VK8RPD 2 Moil,146.9500,-,0.600,,88.5,88.5,023,NN,FM,5.00,S,VK8RPD 2 Moil,,VK8RPD 2,
444,VK8RTE 2 Larrakeyah,147.0000,-,0.600,TSQL,123,123,023,NN,FM,5.00,S,VK8RTE 2 Larrakeyah,,VK8RTE 2,
445,VK8RWI 2 Marrara,146.8000,-,0.600,TSQL,123,123,023,NN,FM,5.00,S,VK8RWI 2 Marrara,,VK8RWI 2,
446,VK5RAC 7 Pillaworta Hill,439.8500,-,5.000,,88.5,88.5,023,NN,FM,5.00,S,VK5RAC 7 Pillaworta Hill,,VK5RAC 7,
447,VK5RAD 7 Crafers,439.9250,-,5.000,,88.5,88.5,023,NN,FM,5.00,S,VK5RAD 7 Crafers,,VK5RAD 7,
448,VK5RBP 7 portable,438.2000,-,5.000,,88.5,88.5,023,NN,FM,5.00,S,VK5RBP 7 portable,,VK5RBP 7,
449,VK5RBV 7 Mt Kitchener,439.8000,-,5.000,,88.5,88.5,023,NN,FM,5.00,S,VK5RBV 7 Mt Kitchener,,VK5RBV 7,
450,VK5RCT 7 Moonta,438.3250,-,5.000,TSQL,91.5,91.5,023,NN,FM,5.00,S,VK5RCT 7 Moonta,,VK5RCT 7,
451,VK5RHO 7 Anstey Hill,439.8750,-,5.000,,88.5,88.5,023,NN,FM,5.00,S,VK5RHO 7 Anstey Hill,,VK5RHO 7,
452,VK5RLZ 7 Elizabeth,439.9750,-,5.000,TSQL,91.5,91.5,023,NN,FM,5.00,S,VK5RLZ 7 Elizabeth,,VK5RLZ 7,
453,VK5ROC 7 Lower Light,439.9500,-,5.000,,88.5,88.5,023,NN,FM,5.00,S,VK5ROC 7 Lower Light,,VK5ROC 7,
454,VK5ROH 7 MtgUHF,439.8250,-,5.000,,88.5,88.5,023,NN,FM,5.00,S,VK5ROH 7 MtgUHF,,VK5ROH 7,
455,VK5RSA 7 AdlCty,438.0250,-,5.000,,88.5,88.5,023,NN,FM,5.00,S,VK5RSA 7 AdlCty,,VK5RSA 7,
456,VK5RSB 7 Sumtwn,439.9000,-,5.000,TSQL,91.5,91.5,023,NN,FM,5.00,S,VK5RSB 7 Sumtwn,,VK5RSB 7,
457,VK5RSC 7 Mt Terrible,439.8250,-,5.000,TSQL,91.5,91.5,023,NN,FM,5.00,S,VK5RSC 7 Mt Terrible,,VK5RSC 7,
458,VK5RVH 7 VictrH,438.5250,-,5.000,TSQL,91.5,91.5,023,NN,FM,5.00,S,VK5RVH 7 VictrH,,VK5RVH 7,
459,VK8RDA 7 Darwin,438.2750,-,5.000,TSQL,91.5,91.5,023,NN,FM,5.00,S,VK8RDA 7 Darwin,,VK8RDA 7,
460,VK8RIT 7 ASpr70,438.5250,-,5.000,TSQL,91.5,91.5,023,NN,FM,5.00,S,VK8RIT 7 ASpr70,,VK8RIT 7,
461,VK8RWI 7 Marrara,439.9750,-,5.000,TSQL,91.5,91.5,023,NN,FM,5.00,S,VK8RWI 7 Marrara,,VK8RWI 7,
462,VK6RAV B Hoddy Well,438.9250,-,5.000,,88.5,88.5,023,NN,DV,5.00,S,VK6RAV B Hoddy Well,CQCQCQ,VK6RAV B,VK6RAV G
463,VK6RLX B Gosnells,438.1500,-,5.400,,88.5,88.5,023,NN,DV,5.00,S,VK6RLX B Gosnells,CQCQCQ,VK6RLX B,VK6RLX G
464,VK6RLX C Gosnells,146.8625,-,1.600,,88.5,88.5,023,NN,DV,5.00,S,VK6RLX C Gosnells,CQCQCQ,VK6RLX C,VK6RLX G
465,VK6ROX B East Fremantle,438.1250,-,5.400,,88.5,88.5,023,NN,DV,5.00,S,VK6ROX B East Fremantle,CQCQCQ,VK6ROX B,VK6ROX G
466,VK6RWN B Roleystone,438.1750,-,5.400,,88.5,88.5,023,NN,DV,5.00,S,VK6RWN B Roleystone,CQCQCQ,VK6RWN B,VK6RWN G
467,VK6RWN C Roleystone,146.8375,-,0.600,,88.5,88.5,023,NN,DV,5.00,S,VK6RWN C Roleystone,CQCQCQ,VK6RWN C,VK6RWN G
468,VK6RAA 2 MtBark,146.8250,-,0.600,,88.5,88.5,023,NN,FM,5.00,S,VK6RAA 2 MtBark,,VK6RAA 2,
469,VK6RAK 2 Kal,147.0000,-,0.600,,88.5,88.5,023,NN,FM,5.00,S,VK6RAK 2 Kal,,VK6RAK 2,
470,VK6RAL 2 Albany,146.7250,-,0.600,,88.5,88.5,023,NN,FM,5.00,S,VK6RAL 2 Albany,,VK6RAL 2,
471,VK6RAP 2 PerSE1,146.7000,-,0.600,,88.5,88.5,023,NN,FM,5.00,S,VK6RAP 2 PerSE1,,VK6RAP 2,
472,VK6RAV 2 Hoddy Well,147.2750,+,0.600,,88.5,88.5,023,NN,FM,5.00,S,VK6RAV 2 Hoddy Well,,VK6RAV 2,
473,VK6RAW 2 Katnng,147.0000,-,0.600,,88.5,88.5,023,NN,FM,5.00,S,VK6RAW 2 Katnng,,VK6RAW 2,
474,VK6RBN 2 Busltn,147.3500,+,0.600,,88.5,88.5,023,NN,FM,5.00,S,VK6RBN 2 Busltn,,VK6RBN 2,
475,VK6RBY 2 Bunbry,146.6500,-,0.600,,88.5,88.5,023,NN,FM,5.00,S,VK6RBY 2 Bunbry,,VK6RBY 2,
476,VK6RCT 2 Cataby,147.2000,+,0.600,,88.5,88.5,023,NN,FM,5.00,S,VK6RCT 2 Cataby,,VK6RCT 2,
477,VK6REC 2 Avon C,147.1750,+,0.600,,88.5,88.5,023,NN,FM,5.00,S,VK6REC 2 Avon C,,VK6REC 2,
478,VK6REX 2 Exmoth,146.8500,-,0.600,,88.5,88.5,023,NN,FM,5.00,S,VK6REX 2 Exmoth,,VK6REX 2,
479,VK6RFM 2 Bicton,146.9500,-,0.600,,88.5,88.5,023,NN,FM,5.00,S,VK6RFM 2 Bicton,,VK6RFM 2,
480,VK6RGN 2 Grldtn,147.0000,-,0.600,,88.5,88.5,023,NN,FM,5.00,S,VK6RGN 2 Grldtn,,VK6RGN 2,
481,VK6RIC 2 portable,146.8750,-,0.600,,88.5,88.5,023,NN,FM,5.00,S,VK6RIC 2 portable,,VK6RIC 2,
482,VK6RKN 2 Keller,147.3250,+,0.600,,88.5,88.5,023,NN,FM,5.00,S,VK6RKN 2 Keller,,VK6RKN 2,
483,VK6RLM 2 PerSE2,146.7500,-,0.600,,88.5,88.5,023,NN,FM,5.00,S,VK6RLM 2 PerSE2,,VK6RLM 2,
484,VK6RMJ 2 Manji,147.1500,+,0.600,,88.5,88.5,023,NN,FM,5.00,S,VK6RMJ 2 Manji,,VK6RMJ 2,
485,VK6RMS 2 MtSdbk,147.2500,+,0.600,,88.5,88.5,023,NN,FM,5.00,S,VK6RMS 2 MtSdbk,,VK6RMS 2,
486,VK6RMW 2 MtWilm,146.9000,-,0.600,,88.5,88.5,023,NN,FM,5.00,S,VK6RMW 2 MtWilm,,VK6RMW 2,
487,VK6RNC 2 PerNth,146.6250,-,0.600,,88.5,88.5,023,NN,FM,5.00,S,VK6RNC 2 PerNth,,VK6RNC 2,
488,VK6RNR 2 NthHmp,146.6750,-,0.600,,88.5,88.5,023,NN,FM,5.00,S,VK6RNR 2 NthHmp,,VK6RNR 2,
489,VK6ROO 2 Geldtn,146.7750,-,0.600,,88.5,88.5,023,NN,FM,5.00,S,VK6ROO 2 Geldtn,,VK6ROO 2,
490,VK6ROT 2 Rotto,147.0750,+,0.600,,88.5,88.5,023,NN,FM,5.00,S,VK6ROT 2 Rotto,,VK6ROT 2,
491,VK6RPT 2 portable,147.0250,+,0.600,,88.5,88.5,023,NN,FM,5.00,S,VK6RPT 2 portable,,VK6RPT 2,
492,VK6RPTA2 portable,147.6250,-,0.600,,88.5,88.5,023,NN,FM,5.00,S,VK6RPTA2 portable,,VK6RPTA2,
493,VK6RSH 2 portable,146.9750,-,0.600,,88.5,88.5,023,NN,FM,5.00,S,VK6RSH 2 portable,,VK6RSH 2,
494,VK6RTH 2 PerNE,146.8000,-,0.600,,88.5,88.5,023,NN,FM,5.00,S,VK6RTH 2 PerNE,,VK6RTH 2,
495,VK6RTP 2 TomPrc,146.6250,-,0.600,,88.5,88.5,023,NN,FM,5.00,S,VK6RTP 2 TomPrc,,VK6RTP 2,
496,VK6RWR 2 WickHm,146.7000,-,0.600,,88.5,88.5,023,NN,FM,5.00,S,VK6RWR 2 WickHm,,VK6RWR 2,
497,VK6RAA 7 MtBark,439.9500,-,5.000,,88.5,88.5,023,NN,FM,5.00,S,VK6RAA 7 MtBark,,VK6RAA 7,
498,VK6RAL 7 Albany,439.9500,-,5.000,,88.5,88.5,023,NN,FM,5.00,S,VK6RAL 7 Albany,,VK6RAL 7,
499,VK6RAP 7 PerSE1,439.8000,-,5.000,TSQL,123,123,023,NN,FM,5.00,S,VK6RAP 7 PerSE1,,VK6RAP 7,
500,VK6RAR 7 portable,439.9500,-,5.000,,88.5,88.5,023,NN,FM,5.00,S,VK6RAR 7 portable,,VK6RAR 7,
501,VK6RAV 7 Hoddy Well,438.5250,-,5.000,,88.5,88.5,023,NN,FM,5.00,S,VK6RAV 7 Hoddy Well,,VK6RAV 7,
502,VK6RBN 7 Busltn,438.6750,-,5.000,,88.5,88.5,023,NN,FM,5.00,S,VK6RBN 7 Busltn,,VK6RBN 7,
503,VK6RBY 7 Bunbry,438.6500,-,5.000,,88.5,88.5,023,NN,FM,5.00,S,VK6RBY 7 Bunbry,,VK6RBY 7,
504,VK6RCT 7 Cataby,438.5250,-,5.000,,88.5,88.5,023,NN,FM,5.00,S,VK6RCT 7 Cataby,,VK6RCT 7,
505,VK6RGF 7 Kalgoorlie,438.1250,-,5.000,,88.5,88.5,023,NN,FM,5.00,S,VK6RGF 7 Kalgoorlie,,VK6RGF 7,
506,VK6RLM 7 PerSE2,438.5250,-,5.000,,88.5,88.5,023,NN,FM,5.00,S,VK6RLM 7 PerSE2,,VK6RLM 7,
507,VK6RMS 7 Boddington,438.5250,-,5.000,,88.5,88.5,023,NN,FM,5.00,S,VK6RMS 7 Boddington,,VK6RMS 7,
508,VK6RNA 7 Wanneroo,438.7250,-,5.000,TSQL,123,123,023,NN,FM,5.00,S,VK6RNA 7 Wanneroo,,VK6RNA 7,
509,VK6RNS 7 Whiteman Park,439.9250,-,5.000,,88.5,88.5,023,NN,FM,5.00,S,VK6RNS 7 Whiteman Park,,VK6RNS 7,
510,VK6ROT 7 Rotto,439.7000,-,5.000,,88.5,88.5,023,NN,FM,5.00,S,VK6ROT 7 Rotto,,VK6ROT 7,
511,VK6RPT 7 portable,438.0250,-,5.000,,88.5,88.5,023,NN,FM,5.00,S,VK6RPT 7 portable,,VK6RPT 7,
512,VK6RTH 7 PerNE,438.2250,-,5.000,,88.5,88.5,023,NN,FM,5.00,S,VK6RTH 7 PerNE,,VK6RTH 7,
513,VK7RCR C LenahV,146.9625,-,0.600,,88.5,88.5,023,NN,DV,5.00,S,VK7RCR C LenahV,CQCQCQ,VK7RCR C,VK7RCR G
514,VK7RRR B Richmond,438.1250,-,5.400,,88.5,88.5,023,NN,DV,5.00,S,VK7RRR B Richmond,CQCQCQ,VK7RRR B,VK7RRR G
515,VK7RAA 2 Mt Arthur,147.0000,-,0.600,,88.5,88.5,023,NN,FM,5.00,S,VK7RAA 2 Mt Arthur,,VK7RAA 2,
516,VK7RAC 2 Table Cape,147.3750,+,0.600,,88.5,88.5,023,NN,FM,5.00,S,VK7RAC 2 Table Cape,,VK7RAC 2,
517,VK7RAD 2 Queens Domain,146.7000,-,0.600,TSQL,141.3,141.3,023,NN,FM,5.00,S,VK7RAD 2 Queens Domain,,VK7RAD 2,
518,VK7RADA2 Queens Domain,147.9750,-,0.600,TSQL,141.3,141.3,023,NN,FM,5.00,S,VK7RADA2 Queens Domain,,VK7RADA2,
519,VK7RAF 2 Mt Faulkner,146.6500,-,0.600,TSQL,123,123,023,NN,FM,5.00,S,VK7RAF 2 Mt Faulkner,,VK7RAF 2,
520,VK7RAK 2 Gagebrook,146.8000,-,0.600,,88.5,88.5,023,NN,FM,5.00,S,VK7RAK 2 Gagebrook,,VK7RAK 2,
521,VK7RBI 2 Alonnah,147.3000,+,0.000,TSQL,114.8,114.8,023,NN,FM,5.00,S,VK7RBI 2 Alonnah,,VK7RBI 2,
522,VK7RCR 2 Lenah Valley,147.8750,-,1.800,TSQL,123,123,023,NN,FM,5.00,S,VK7RCR 2 Lenah Valley,,VK7RCR 2,
523,VK7REC 2 Snow Hill,146.9000,-,0.600,,88.5,88.5,023,NN,FM,5.00,S,VK7REC 2 Snow Hill,,VK7REC 2,
524,VK7RHT 2 Snug Tiers,146.8500,-,0.600,,88.5,88.5,023,NN,FM,5.00,S,VK7RHT 2 Snug Tiers,,VK7RHT 2,
525,VK7RMD 2 Mt Duncan,146.6250,-,0.600,,88.5,88.5,023,NN,FM,5.00,S,VK7RMD 2 Mt Duncan,,VK7RMD 2,
526,VK7RNW 2 Ulverstone West,146.7500,-,0.600,,88.5,88.5,023,NN,FM,5.00,S,VK7RNW 2 Ulverstone West,,VK7RNW 2,
527,VK7RTV 2 Stowport,146.7750,-,0.600,,88.5,88.5,023,NN,FM,5.00,S,VK7RTV 2 Stowport,,VK7RTV 2,
528,VK7RVP 2 St Valentines Peak,146.7250,-,0.600,TSQL,91.5,91.5,023,NN,FM,5.00,S,VK7RVP 2 St Valentines Peak,,VK7RVP 2,
529,VK7RWC 2 Mt Read,147.0750,+,0.600,TSQL,123,123,023,NN,FM,5.00,S,VK7RWC 2 Mt Read,,VK7RWC 2,
530,VK7RAB 7 portable,438.5500,-,5.000,,88.5,88.5,023,NN,FM,5.00,S,VK7RAB 7 portable,,VK7RAB 7,
531,VK7RAC 7 Table Cape,438.6500,-,5.000,TSQL,141.3,141.3,023,NN,FM,5.00,S,VK7RAC 7 Table Cape,,VK7RAC 7,
532,VK7RAF 7 Mt Faulkner,438.5500,-,5.000,,88.5,88.5,023,NN,FM,5.00,S,VK7RAF 7 Mt Faulkner,,VK7RAF 7,
533,VK7RAK 7 Gagebrook,438.7000,-,5.000,,88.5,88.5,023,NN,FM,5.00,S,VK7RAK 7 Gagebrook,,VK7RAK 7,
534,VK7RAL 7 Companion Hill,439.9000,-,5.000,TSQL,141.3,141.3,023,NN,FM,5.00,S,VK7RAL 7 Companion Hill,,VK7RAL 7,
535,VK7RBH 7 Ben Lomond,438.0500,-,5.000,,88.5,88.5,023,NN,FM,5.00,S,VK7RBH 7 Ben Lomond,,VK7RBH 7,
536,VK7RCH 7 Grey Mtn,438.5750,-,5.000,TSQL,123,123,023,NN,FM,5.00,S,VK7RCH 7 Grey Mtn,,VK7RCH 7,
537,VK7RCR 7 Lenah Valley,438.5250,-,5.000,TSQL,91.5,91.5,023,NN,FM,5.00,S,VK7RCR 7 Lenah Valley,,VK7RCR 7,
538,VK7RDR 7 Dazzler Range,439.7750,-,5.000,TSQL,91.5,91.5,023,NN,FM,5.00,S,VK7RDR 7 Dazzler Range,,VK7RDR 7,
539,VK7RDS 7 Mt Nelson,439.7500,-,5.000,,88.5,88.5,023,NN,FM,5.00,S,VK7RDS 7 Mt Nelson,,VK7RDS 7,
540,VK7REC 7 Snow Hill,439.7000,-,5.000,,88.5,88.5,023,NN,FM,5.00,S,VK7REC 7 Snow Hill,,VK7REC 7,
541,VK7RIN 7 Barren Tier,438.5000,-,5.000,,88.5,88.5,023,NN,FM,5.00,S,VK7RIN 7 Barren Tier,,VK7RIN 7,
542,VK7RMD 7 Mt Duncan,438.6000,-,5.000,TSQL,141.3,141.3,023,NN,FM,5.00,S,VK7RMD 7 Mt Duncan,,VK7RMD 7,
543,VK7RML 7 Mt Lloyd,439.9500,-,5.000,TSQL,141.3,141.3,023,NN,FM,5.00,S,VK7RML 7 Mt Lloyd,,VK7RML 7,
544,VK7RTC 7 Mt Wellington,439.8250,-,5.000,TSQL,91.5,91.5,023,NN,FM,5.00,S,VK7RTC 7 Mt Wellington,,VK7RTC 7,
545,APRSAU APRSAU,145.1750,,0,,88.5,88.5,023,NN,FM,5.00,S,APRSAU APRSAU,,APRSAU,
546,APRWIC WicenPkt,145.2000,,0,,88.5,88.5,023,NN,FM,5.00,S,APRWIC WicenPkt,,APRWIC,
547,APRISS APRISS,145.8250,,0,,88.5,88.5,023,NN,FM,5.00,S,APRISS APRISS,,APRISS,
548,APRSAR APRSAR,144.9300,,0,,88.5,88.5,023,NN,FM,5.00,S,APRSAR APRSAR,,APRSAR,
549,APRSBR APRSBR,145.5750,,0,,88.5,88.5,023,NN,FM,5.00,S,APRSBR APRSBR,,APRSBR,
550,APRSCN APRSCN,144.6400,,0,,88.5,88.5,023,NN,FM,5.00,S,APRSCN APRSCN,,APRSCN,
551,APRSCR APRSCR,144.8000,,0,,88.5,88.5,023,NN,FM,5.00,S,APRSCR APRSCR,,APRSCR,
552,APRSEU APRSEU,144.8000,,0,,88.5,88.5,023,NN,FM,5.00,S,APRSEU APRSEU,,APRSEU,
553,APRSJP APRSJP,144.6600,,0,,88.5,88.5,023,NN,FM,5.00,S,APRSJP APRSJP,,APRSJP,
554,APRSKO APRSKO,144.6200,,0,,88.5,88.5,023,NN,FM,5.00,S,APRSKO APRSKO,,APRSKO,
555,APRSNZ APRSNZ,144.5750,,0,,88.5,88.5,023,NN,FM,5.00,S,APRSNZ APRSNZ,,APRSNZ,
556,APRSTH APRSTH,144.5250,,0,,88.5,88.5,023,NN,FM,5.00,S,APRSTH APRSTH,,APRSTH,
557,APRSUS APRSUS,144.3900,,0,,88.5,88.5,023,NN,FM,5.00,S,APRSUS APRSUS,,APRSUS,
558,APRSVE APRSVE,145.0100,,0,,88.5,88.5,023,NN,FM,5.00,S,APRSVE APRSVE,,APRSVE,
559,VK3RSD B portable,438.2750,-,5.400,,88.5,88.5,023,NN,DV,5.00,S,VK3RSD B portable,CQCQCQ,VK3RSD B,VK3RSD G
560,VK3RSD C portable,146.8875,-,0.600,,88.5,88.5,023,NN,DV,5.00,S,VK3RSD C portable,CQCQCQ,VK3RSD C,VK3RSD G
561,VK3RWW B portable,438.1500,-,5.400,,88.5,88.5,023,NN,DV,5.00,S,VK3RWW B portable,CQCQCQ,VK3RWW B,VK3RWW G
562,VK3RWWAB portable,438.3000,-,5.400,,88.5,88.5,023,NN,DV,5.00,S,VK3RWWAB portable,CQCQCQ,VK3RWWAB,VK3RWW G
563,S27125 S27125,432.7125,,0,,88.5,88.5,023,NN,FM,5.00,S,S27125 S27125,,S27125,
564,S7025 S7025,147.0250,,0,,88.5,88.5,023,NN,FM,5.00,S,S7025 S7025,,S7025,
565,S7625 S7625,147.6250,,0,,88.5,88.5,023,NN,FM,5.00,S,S7625 S7625,,S7625,
566,S81125 S81125,438.1125,,0,,88.5,88.5,023,NN,FM,5.00,S,S81125 S81125,,S81125,
567,W3800 W3800,433.8000,,0,,88.5,88.5,023,NN,FM,5.00,S,W3800 W3800,,W3800,
568,W7125 W7125,147.1250,,0,,88.5,88.5,023,NN,FM,5.00,S,W7125 W7125,,W7125,
569,W7150 W7150,147.1500,,0,,88.5,88.5,023,NN,FM,5.00,S,W7150 W7150,,W7150,
570,W7175 W7175,147.1750,,0,,88.5,88.5,023,NN,FM,5.00,S,W7175 W7175,,W7175,
571,W7500 W7500,147.5000,,0,,88.5,88.5,023,NN,FM,5.00,S,W7500 W7500,,W7500,
572,W7725 W7725,147.7250,,0,,88.5,88.5,023,NN,FM,5.00,S,W7725 W7725,,W7725,
573,W7750 W7750,147.7500,,0,,88.5,88.5,023,NN,FM,5.00,S,W7750 W7750,,W7750,
574,W7775 W7775,147.7750,,0,,88.5,88.5,023,NN,FM,5.00,S,W7775 W7775,,W7775,
575,W8275 W8275,438.2750,,0,,88.5,88.5,023,NN,FM,5.00,S,W8275 W8275,,W8275,
576,W8625 W8625,438.6250,,0,,88.5,88.5,023,NN,FM,5.00,S,W8625 W8625,,W8625,
577,W8800 W8800,438.8000,,0,,88.5,88.5,023,NN,FM,5.00,S,W8800 W8800,,W8800,
578,W9925 W9925,439.9250,,0,,88.5,88.5,023,NN,FM,5.00,S,W9925 W9925,,W9925,
579,W9975 W9975,439.9750,,0,,88.5,88.5,023,NN,FM,5.00,S,W9975 W9975,,W9975,
580,VK1RWP 2 portable,147.1250,+,0.600,,88.5,88.5,023,NN,FM,5.00,S,VK1RWP 2 portable,,VK1RWP 2,
581,VK1RWPA2 portable,147.1500,+,0.600,,88.5,88.5,023,NN,FM,5.00,S,VK1RWPA2 portable,,VK1RWPA2,
582,VK1RWPB2 portable,147.1750,+,0.600,,88.5,88.5,023,NN,FM,5.00,S,VK1RWPB2 portable,,VK1RWPB2,
583,VK2RAV 2 portable,147.1250,+,0.600,,88.5,88.5,023,NN,FM,5.00,S,VK2RAV 2 portable,,VK2RAV 2,
584,VK2RAVA2 portable,147.1500,+,0.600,,88.5,88.5,023,NN,FM,5.00,S,VK2RAVA2 portable,,VK2RAVA2,
585,VK2RAVB2 portable,147.1750,+,0.600,,88.5,88.5,023,NN,FM,5.00,S,VK2RAVB2 portable,,VK2RAVB2,
586,VK2REP 2 portable,147.1750,+,0.600,,88.5,88.5,023,NN,FM,5.00,S,VK2REP 2 portable,,VK2REP 2,
587,VK2RFI 2 portable,147.1750,+,0.600,,88.5,88.5,023,NN,FM,5.00,S,VK2RFI 2 portable,,VK2RFI 2,
588,VK3RPW 2 portable,146.9250,-,0.600,,88.5,88.5,023,NN,FM,5.00,S,VK3RPW 2 portable,,VK3RPW 2,
589,VK3RSR 2 portable,146.9750,-,0.600,,88.5,88.5,023,NN,FM,5.00,S,VK3RSR 2 portable,,VK3RSR 2,
590,VK3RWE 2 portable,146.9250,-,0.600,,88.5,88.5,023,NN,FM,5.00,S,VK3RWE 2 portable,,VK3RWE 2,
591,VK3RWEA2 portable,147.3000,+,0.600,,88.5,88.5,023,NN,FM,5.00,S,VK3RWEA2 portable,,VK3RWEA2,
592,VK3RWI 2 portable,146.9250,-,0.600,,88.5,88.5,023,NN,FM,5.00,S,VK3RWI 2 portable,,VK3RWI 2,
593,VK3RWP 2 portable,146.9250,-,0.600,,88.5,88.5,023,NN,FM,5.00,S,VK3RWP 2 portable,,VK3RWP 2,
594,VK3RWPA2 portable,147.3000,+,0.600,,88.5,88.5,023,NN,FM,5.00,S,VK3RWPA2 portable,,VK3RWPA2,
595,VK3RWR 2 portable,146.9250,-,0.600,,88.5,88.5,023,NN,FM,5.00,S,VK3RWR 2 portable,,VK3RWR 2,
596,VK3RWRA2 portable,147.3000,+,0.600,,88.5,88.5,023,NN,FM,5.00,S,VK3RWRA2 portable,,VK3RWRA2,
597,VK4RWI 2 portable,147.1500,+,0.600,,88.5,88.5,023,NN,FM,5.00,S,VK4RWI 2 portable,,VK4RWI 2,
598,WicenPkt WICENP,145.2000,,0,,88.5,88.5,023,NN,FM,5.00,S,WicenPkt WICENP,,WicenPkt,
599,VK1RWP 7 portable,439.9250,-,5.000,,88.5,88.5,023,NN,FM,5.00,S,VK1RWP 7 portable,,VK1RWP 7,
600,VK1RWPA7 portable,439.9750,-,5.000,,88.5,88.5,023,NN,FM,5.00,S,VK1RWPA7 portable,,VK1RWPA7,
601,VK2RAF 7 portable,439.9250,-,5.000,,88.5,88.5,023,NN,FM,5.00,S,VK2RAF 7 portable,,VK2RAF 7,
602,VK2RAH 7 portable,439.8750,-,5.000,,88.5,88.5,023,NN,FM,5.00,S,VK2RAH 7 portable,,VK2RAH 7,
603,VK2RAV 7 portable,439.5250,-,5.000,,88.5,88.5,023,NN,FM,5.00,S,VK2RAV 7 portable,,VK2RAV 7,
604,VK2RFI 7 portable,439.6250,-,5.000,,88.5,88.5,023,NN,FM,5.00,S,VK2RFI 7 portable,,VK2RFI 7,
605,VK3RPW 7 portable,438.2750,-,5.000,,88.5,88.5,023,NN,FM,5.00,S,VK3RPW 7 portable,,VK3RPW 7,
606,VK3RPWA7 portable,438.6250,-,5.000,,88.5,88.5,023,NN,FM,5.00,S,VK3RPWA7 portable,,VK3RPWA7,
607,VK3RSS 7 portable,439.9750,-,5.000,,88.5,88.5,023,NN,FM,5.00,S,VK3RSS 7 portable,,VK3RSS 7,
608,VK3RWE 7 portable,438.2750,-,5.000,,88.5,88.5,023,NN,FM,5.00,S,VK3RWE 7 portable,,VK3RWE 7,
609,VK3RWEA7 portable,438.6250,-,5.000,,88.5,88.5,023,NN,FM,5.00,S,VK3RWEA7 portable,,VK3RWEA7,
610,VK3RWI 7 portable,438.2750,-,5.000,,88.5,88.5,023,NN,FM,5.00,S,VK3RWI 7 portable,,VK3RWI 7,
611,VK3RWIA7 portable,438.6250,-,5.000,,88.5,88.5,023,NN,FM,5.00,S,VK3RWIA7 portable,,VK3RWIA7,
612,VK3RWP 7 portable,438.6250,-,5.000,,88.5,88.5,023,NN,FM,5.00,S,VK3RWP 7 portable,,VK3RWP 7,
613,VK3RWPA7 portable,439.9250,-,5.000,,88.5,88.5,023,NN,FM,5.00,S,VK3RWPA7 portable,,VK3RWPA7,
614,VK3RWPB7 portable,439.9750,-,5.000,,88.5,88.5,023,NN,FM,5.00,S,VK3RWPB7 portable,,VK3RWPB7,
615,VK3RWR 7 portable,438.2750,-,5.000,,88.5,88.5,023,NN,FM,5.00,S,VK3RWR 7 portable,,VK3RWR 7,
616,VK3RWRA7 portable,438.6250,-,5.000,,88.5,88.5,023,NN,FM,5.00,S,VK3RWRA7 portable,,VK3RWRA7,
617,VK4RWI 7 portable,438.6250,-,5.000,,88.5,88.5,023,NN,FM,5.00,S,VK4RWI 7 portable,,VK4RWI 7,
618,VK2HDX B DHAP,438.9500,+,0.0,,88.5,88.5,023,NN,DV,5.00,S,VK2HDX B DHAP,CQCQCQ,VK2HDX B,VK2HDX G
619,VK2HDX B Echo,438.9500,+,0.0,,88.5,88.5,023,NN,DV,5.00,S,VK2HDX B Echo,       E,VK2HDX B,VK2HDX G
620,VK2HDX B Status,438.9500,+,0.0,,88.5,88.5,023,NN,DV,5.00,S,VK2HDX B Status,       I,VK2HDX B,VK2HDX G
621,VK2HDX B Unlink,438.9500,+,0.0,,88.5,88.5,023,NN,DV,5.00,S,VK2HDX B Unlink,       U,VK2HDX B,VK2HDX G
622,VK2HDX B LinkR01A,438.9500,+,0.0,,88.5,88.5,023,NN,DV,5.00,S,VK2HDX B LinkR01A,REF001AL,VK2HDX B,VK2HDX G
623,VK2HDX B LinkD14B,438.9500,+,0.0,,88.5,88.5,023,NN,DV,5.00,S,VK2HDX B LinkD14B,DCS014BL,VK2HDX B,VK2HDX G
624,VK2PSF B DHAP,438.9500,+,0.0,,88.5,88.5,023,NN,DV,5.00,S,VK2PSF B DHAP,CQCQCQ,VK2PSF B,VK2PSF G
625,VK2PSF B Echo,438.9500,+,0.0,,88.5,88.5,023,NN,DV,5.00,S,VK2PSF B Echo,       E,VK2PSF B,VK2PSF G
626,VK2PSF B Status,438.9500,+,0.0,,88.5,88.5,023,NN,DV,5.00,S,VK2PSF B Status,       I,VK2PSF B,VK2PSF G
627,VK2PSF B Unlink,438.9500,+,0.0,,88.5,88.5,023,NN,DV,5.00,S,VK2PSF B Unlink,       U,VK2PSF B,VK2PSF G
628,VK2PSF B LinkR01A,438.9500,+,0.0,,88.5,88.5,023,NN,DV,5.00,S,VK2PSF B LinkR01A,REF001AL,VK2PSF B,VK2PSF G
629,VK2PSF B LinkD14B,438.9500,+,0.0,,88.5,88.5,023,NN,DV,5.00,S,VK2PSF B LinkD14B,DCS014BL,VK2PSF B,VK2PSF G
630,VK2PSF D dv4dst,441.0750,+,0.0,,88.5,88.5,023,NN,DV,5.00,S,VK2PSF D dv4dst,CQCQCQ,VK2PSF D,VK2PSF G
631,VK2PSF D Echo,441.0750,+,0.0,,88.5,88.5,023,NN,DV,5.00,S,VK2PSF D Echo,       E,VK2PSF D,VK2PSF G
632,VK2PSF D Status,441.0750,+,0.0,,88.5,88.5,023,NN,DV,5.00,S,VK2PSF D Status,       I,VK2PSF D,VK2PSF G
633,VK2PSF D Unlink,441.0750,+,0.0,,88.5,88.5,023,NN,DV,5.00,S,VK2PSF D Unlink,       U,VK2PSF D,VK2PSF G
634,VK2PSF D LinkR01A,441.0750,+,0.0,,88.5,88.5,023,NN,DV,5.00,S,VK2PSF D LinkR01A,REF001AL,VK2PSF D,VK2PSF G
635,VK2PSF D LinkD14B,441.0750,+,0.0,,88.5,88.5,023,NN,DV,5.00,S,VK2PSF D LinkD14B,DCS014BL,VK2PSF D,VK2PSF G
