1,145.17500,145.17500,0.0000,OFF,FM,APRSAU A,OFF,100.0 Hz,023,1500 Hz,MID,OFF,5.0KHz,0,APRSAU APRSAU ,1
2,438.11250,432.71250,5.4000,-RPT,FM,VK2ROZ 7,TONE SQL,91.5 Hz,023,1500 Hz,MID,SELECT,5.0KHz,0,VK2ROZ 7 - Sydney CBD,1
3,147.02500,147.62500,0.6000,+RPT,FM,VK2ROT 2,TONE SQL,91.5 Hz,023,1500 Hz,MID,SELECT,5.0KHz,0,VK2ROT 2 Paddo Paddington,1
4,438.57500,433.57500,5.0000,-RPT,FM,VK2ROT 7,TONE SQL,91.5 Hz,023,1500 Hz,MID,SELECT,5.0KHz,0,VK2ROT 7 Paddo Paddington,1
5,439.80000,434.80000,5.0000,-RPT,FM,VK2RCG 7,TONE SQL,91.5 Hz,023,1500 Hz,MID,SELECT,5.0KHz,0,VK2RCG 7 - Sydney,1
6,438.45000,433.45000,5.0000,-RPT,FM,VK2RCF 7,TONE SQL,91.5 Hz,023,1500 Hz,MID,SELECT,5.0KHz,0,VK2RCF 7 - Carlingford,1
7,147.00000,146.40000,0.6000,-RPT,FM,VK2RWI 2,OFF,100.0 Hz,023,1500 Hz,MID,SELECT,5.0KHz,0,VK2RWI 2 Dural Dural,1
8,438.52500,433.52500,5.0000,-RPT,FM,VK2RWI 7,OFF,100.0 Hz,023,1500 Hz,MID,SELECT,5.0KHz,0,VK2RWI 7 Dural Dural,1
9,438.60000,433.60000,5.0000,-RPT,FM,VK2RWIA7,OFF,100.0 Hz,023,1500 Hz,MID,SELECT,5.0KHz,0,VK2RWIA7 Dural1 Dural,1
10,439.90000,434.90000,5.0000,-RPT,FM,VK2RWIB7,OFF,100.0 Hz,023,1500 Hz,MID,SELECT,5.0KHz,0,VK2RWIB7 Dural2 Dural,1
11,146.85000,146.25000,0.6000,-RPT,FM,VK2RMP 2,OFF,100.0 Hz,023,1500 Hz,MID,SELECT,5.0KHz,0,VK2RMP 2 Maddns Maddens Plains,1
12,438.72500,433.72500,5.0000,-RPT,FM,VK2RMP 7,TONE SQL,123.0 Hz,023,1500 Hz,MID,SELECT,5.0KHz,0,VK2RMP 7 Maddns Maddens Plains,1
13,147.05000,147.65000,0.6000,+RPT,FM,VK2RBM 2,TONE SQL,123.0 Hz,023,1500 Hz,MID,SELECT,5.0KHz,0,VK2RBM 2 Lawsn1 Lawson,1
14,438.37500,433.37500,5.0000,-RPT,FM,VK2RBM 7,TONE SQL,123.0 Hz,023,1500 Hz,MID,SELECT,5.0KHz,0,VK2RBM 7 Lawsn1 Lawson,1
15,146.75000,146.15000,0.6000,-RPT,FM,VK5RAC 2,OFF,100.0 Hz,023,1500 Hz,MID,OFF,5.0KHz,0,VK5RAC 2 - Pillaworta Hill,1
16,147.00000,146.40000,0.6000,-RPT,FM,VK5RAD 2,OFF,100.0 Hz,023,1500 Hz,MID,OFF,5.0KHz,0,VK5RAD 2 - Crafers,1
17,146.97500,146.37500,0.6000,-RPT,FM,VK5RAE 2,OFF,100.0 Hz,023,1500 Hz,MID,OFF,5.0KHz,0,VK5RAE 2 - Mt Arden,1
18,146.77500,146.17500,0.6000,-RPT,FM,VK5RAH 2,OFF,100.0 Hz,023,1500 Hz,MID,OFF,5.0KHz,0,VK5RAH 2 - Lobethal,1
19,146.72500,146.12500,0.6000,-RPT,FM,VK5RBK 2,OFF,100.0 Hz,023,1500 Hz,MID,OFF,5.0KHz,0,VK5RBK 2 - Mount Barker,1
20,147.35000,147.95000,0.6000,+RPT,FM,VK5RBT 2,OFF,100.0 Hz,023,1500 Hz,MID,OFF,5.0KHz,0,VK5RBT 2 - Willalooka,1
21,146.82500,146.22500,0.6000,-RPT,FM,VK5RBV 2,OFF,100.0 Hz,023,1500 Hz,MID,OFF,5.0KHz,0,VK5RBV 2 - Mt Kitchener,1
22,146.80000,146.20000,0.6000,-RPT,FM,VK5REP 2,OFF,100.0 Hz,023,1500 Hz,MID,OFF,5.0KHz,0,VK5REP 2 - Coolanie,1
23,146.85000,146.25000,0.6000,-RPT,FM,VK5RHO 2,OFF,100.0 Hz,023,1500 Hz,MID,OFF,5.0KHz,0,VK5RHO 2 - Anstey Hill,1
24,147.37500,147.97500,0.6000,+RPT,FM,VK5RKN 2,OFF,100.0 Hz,023,1500 Hz,MID,OFF,5.0KHz,0,VK5RKN 2 Kingst Mt Benson,1
25,147.32500,147.92500,0.6000,+RPT,FM,VK5RLD 2,OFF,100.0 Hz,023,1500 Hz,MID,OFF,5.0KHz,0,VK5RLD 2 - Moorook,1
26,146.92500,146.32500,0.6000,-RPT,FM,VK5RLH 2,OFF,100.0 Hz,023,1500 Hz,MID,OFF,5.0KHz,0,VK5RLH 2 - Bumbunga Hill,1
27,146.62500,146.02500,0.6000,-RPT,FM,VK5RLZ 2,OFF,100.0 Hz,023,1500 Hz,MID,OFF,5.0KHz,0,VK5RLZ 2 - Elizabeth,1
28,146.87500,146.27500,0.6000,-RPT,FM,VK5RMB 2,OFF,100.0 Hz,023,1500 Hz,MID,OFF,5.0KHz,0,VK5RMB 2 - Mt Beevor,1
29,146.90000,146.30000,0.6000,-RPT,FM,VK5RMG 2,OFF,100.0 Hz,023,1500 Hz,MID,OFF,5.0KHz,0,VK5RMG 2 MtgVHF The Bluff,1
30,146.70000,146.10000,0.6000,-RPT,FM,VK5RMN 2,OFF,100.0 Hz,023,1500 Hz,MID,OFF,5.0KHz,0,VK5RMN 2 - The Bluff,1
31,146.65000,146.05000,0.6000,-RPT,FM,VK5RNC 2,OFF,100.0 Hz,023,1500 Hz,MID,OFF,5.0KHz,0,VK5RNC 2 Ncte Naracoorte,1
32,146.80000,146.20000,0.6000,-RPT,FM,VK5RSE 2,OFF,100.0 Hz,023,1500 Hz,MID,OFF,5.0KHz,0,VK5RSE 2 MtGrah Mt Graham,1
33,146.67500,146.07500,0.6000,-RPT,FM,VK5RSV 2,OFF,100.0 Hz,023,1500 Hz,MID,OFF,5.0KHz,0,VK5RSV 2 - Willunga Hill,1
34,439.85000,434.85000,5.0000,-RPT,FM,VK5RAC 7,OFF,100.0 Hz,023,1500 Hz,MID,OFF,5.0KHz,0,VK5RAC 7 - Pillaworta Hill,1
35,439.92500,434.92500,5.0000,-RPT,FM,VK5RAD 7,OFF,100.0 Hz,023,1500 Hz,MID,OFF,5.0KHz,0,VK5RAD 7 - Crafers,1
36,439.80000,434.80000,5.0000,-RPT,FM,VK5RBV 7,OFF,100.0 Hz,023,1500 Hz,MID,OFF,5.0KHz,0,VK5RBV 7 - Mt Kitchener,1
37,438.32500,433.32500,5.0000,-RPT,FM,VK5RCT 7,TONE SQL,91.5 Hz,023,1500 Hz,MID,OFF,5.0KHz,0,VK5RCT 7 - Moonta,1
38,439.87500,434.87500,5.0000,-RPT,FM,VK5RHO 7,OFF,100.0 Hz,023,1500 Hz,MID,OFF,5.0KHz,0,VK5RHO 7 - Anstey Hill,1
39,439.97500,434.97500,5.0000,-RPT,FM,VK5RLZ 7,TONE SQL,91.5 Hz,023,1500 Hz,MID,OFF,5.0KHz,0,VK5RLZ 7 - Elizabeth,1
40,439.95000,434.95000,5.0000,-RPT,FM,VK5ROC 7,OFF,100.0 Hz,023,1500 Hz,MID,OFF,5.0KHz,0,VK5ROC 7 - Lower Light,1
41,439.82500,434.82500,5.0000,-RPT,FM,VK5ROH 7,OFF,100.0 Hz,023,1500 Hz,MID,OFF,5.0KHz,0,VK5ROH 7 MtgUHF Blue Lake,1
42,438.02500,433.02500,5.0000,-RPT,FM,VK5RSA 7,OFF,100.0 Hz,023,1500 Hz,MID,OFF,5.0KHz,0,VK5RSA 7 AdlCBD Adelaide CBD,1
43,439.90000,434.90000,5.0000,-RPT,FM,VK5RSB 7,TONE SQL,91.5 Hz,023,1500 Hz,MID,OFF,5.0KHz,0,VK5RSB 7 Sumtwn Summertown,1
44,438.07500,433.07500,5.0000,-RPT,FM,VK5RSC 7,OFF,100.0 Hz,023,1500 Hz,MID,OFF,5.0KHz,0,VK5RSC 7 - Mt Terrible,1
45,439.82500,434.82500,5.0000,-RPT,FM,VK5RSCA7,OFF,100.0 Hz,023,1500 Hz,MID,OFF,5.0KHz,0,VK5RSCA7 - Mt Terrible,1
46,146.82500,146.22500,0.6000,-RPT,FM,VK6RAA 2,OFF,100.0 Hz,023,1500 Hz,MID,OFF,5.0KHz,0,VK6RAA 2 MtBark Mt Barker,1
47,147.00000,146.40000,0.6000,-RPT,FM,VK6RAK 2,OFF,100.0 Hz,023,1500 Hz,MID,OFF,5.0KHz,0,VK6RAK 2 Kal Kalgoorlie,1
48,146.72500,146.12500,0.6000,-RPT,FM,VK6RAL 2,OFF,100.0 Hz,023,1500 Hz,MID,OFF,5.0KHz,0,VK6RAL 2 Albany Mt Clarence,1
49,146.70000,146.10000,0.6000,-RPT,FM,VK6RAP 2,OFF,100.0 Hz,023,1500 Hz,MID,OFF,5.0KHz,0,VK6RAP 2 PerSE1 Roleystone,1
50,147.27500,147.87500,0.6000,+RPT,FM,VK6RAV 2,OFF,100.0 Hz,023,1500 Hz,MID,OFF,5.0KHz,0,VK6RAV 2 - Hoddy Well,1
51,147.00000,146.40000,0.6000,-RPT,FM,VK6RAW 2,OFF,100.0 Hz,023,1500 Hz,MID,OFF,5.0KHz,0,VK6RAW 2 Katnng Fairfield,1
52,147.35000,147.95000,0.6000,+RPT,FM,VK6RBN 2,OFF,100.0 Hz,023,1500 Hz,MID,OFF,5.0KHz,0,VK6RBN 2 Busltn Chapman Hill,1
53,146.65000,146.05000,0.6000,-RPT,FM,VK6RBY 2,OFF,100.0 Hz,023,1500 Hz,MID,OFF,5.0KHz,0,VK6RBY 2 Bunbry Harvey,1
54,147.20000,147.80000,0.6000,+RPT,FM,VK6RCT 2,OFF,100.0 Hz,023,1500 Hz,MID,OFF,5.0KHz,0,VK6RCT 2 Cataby Yandan Hill,1
55,147.17500,147.77500,0.6000,+RPT,FM,VK6REC 2,OFF,100.0 Hz,023,1500 Hz,MID,OFF,5.0KHz,0,VK6REC 2 Avon C Wooroloo,1
56,146.85000,146.25000,0.6000,-RPT,FM,VK6REX 2,OFF,100.0 Hz,023,1500 Hz,MID,OFF,5.0KHz,0,VK6REX 2 Exmoth Exmouth,1
57,146.95000,146.35000,0.6000,-RPT,FM,VK6RFM 2,OFF,100.0 Hz,023,1500 Hz,MID,OFF,5.0KHz,0,VK6RFM 2 Bicton Attadale,1
58,147.00000,146.40000,0.6000,-RPT,FM,VK6RGN 2,OFF,100.0 Hz,023,1500 Hz,MID,OFF,5.0KHz,0,VK6RGN 2 Grldtn Geraldton,1
59,147.32500,147.92500,0.6000,+RPT,FM,VK6RKN 2,OFF,100.0 Hz,023,1500 Hz,MID,OFF,5.0KHz,0,VK6RKN 2 Keller Kellerberrin,1
60,146.75000,146.15000,0.6000,-RPT,FM,VK6RLM 2,OFF,100.0 Hz,023,1500 Hz,MID,OFF,5.0KHz,0,VK6RLM 2 PerSE2 Roleystone,1
61,147.15000,147.75000,0.6000,+RPT,FM,VK6RMJ 2,OFF,100.0 Hz,023,1500 Hz,MID,OFF,5.0KHz,0,VK6RMJ 2 Manji Manjimup,1
62,147.25000,147.85000,0.6000,+RPT,FM,VK6RMS 2,OFF,100.0 Hz,023,1500 Hz,MID,OFF,5.0KHz,0,VK6RMS 2 MtSdbk Mt Saddleback,1
63,146.90000,146.30000,0.6000,-RPT,FM,VK6RMW 2,OFF,100.0 Hz,023,1500 Hz,MID,OFF,5.0KHz,0,VK6RMW 2 MtWilm Mt William,1
64,146.62500,146.02500,0.6000,-RPT,FM,VK6RNC 2,OFF,100.0 Hz,023,1500 Hz,MID,OFF,5.0KHz,0,VK6RNC 2 PerNth Wanneroo,1
65,146.67500,146.07500,0.6000,-RPT,FM,VK6RNR 2,OFF,100.0 Hz,023,1500 Hz,MID,OFF,5.0KHz,0,VK6RNR 2 NthHmp Northampton,1
66,146.77500,146.17500,0.6000,-RPT,FM,VK6ROO 2,OFF,100.0 Hz,023,1500 Hz,MID,OFF,5.0KHz,0,VK6ROO 2 Geldtn Geraldton,1
67,147.07500,147.67500,0.6000,+RPT,FM,VK6ROT 2,OFF,100.0 Hz,023,1500 Hz,MID,OFF,5.0KHz,0,VK6ROT 2 Rotto Rottnest Is,1
68,146.80000,146.20000,0.6000,-RPT,FM,VK6RTH 2,OFF,100.0 Hz,023,1500 Hz,MID,OFF,5.0KHz,0,VK6RTH 2 PerNE Tic Hill,1
69,146.62500,146.02500,0.6000,-RPT,FM,VK6RTP 2,OFF,100.0 Hz,023,1500 Hz,MID,OFF,5.0KHz,0,VK6RTP 2 TomPrc Tom Price,1
70,146.70000,146.10000,0.6000,-RPT,FM,VK6RWR 2,OFF,100.0 Hz,023,1500 Hz,MID,OFF,5.0KHz,0,VK6RWR 2 WickHm Wickham,1
71,439.95000,434.95000,5.0000,-RPT,FM,VK6RAA 7,OFF,100.0 Hz,023,1500 Hz,MID,OFF,5.0KHz,0,VK6RAA 7 MtBark Mt Barker,1
72,439.95000,434.95000,5.0000,-RPT,FM,VK6RAL 7,OFF,100.0 Hz,023,1500 Hz,MID,OFF,5.0KHz,0,VK6RAL 7 Albany Albany,1
73,439.80000,434.80000,5.0000,-RPT,FM,VK6RAP 7,TONE SQL,123.0 Hz,023,1500 Hz,MID,OFF,5.0KHz,0,VK6RAP 7 PerSE1 Roleystone,1
74,438.52500,433.52500,5.0000,-RPT,FM,VK6RAV 7,OFF,100.0 Hz,023,1500 Hz,MID,OFF,5.0KHz,0,VK6RAV 7 - Hoddy Well,1
75,438.67500,433.67500,5.0000,-RPT,FM,VK6RBN 7,OFF,100.0 Hz,023,1500 Hz,MID,OFF,5.0KHz,0,VK6RBN 7 Busltn Chapman Hill,1
76,438.65000,433.65000,5.0000,-RPT,FM,VK6RBY 7,OFF,100.0 Hz,023,1500 Hz,MID,OFF,5.0KHz,0,VK6RBY 7 Bunbry Harvey,1
77,438.52500,433.52500,5.0000,-RPT,FM,VK6RCT 7,OFF,100.0 Hz,023,1500 Hz,MID,OFF,5.0KHz,0,VK6RCT 7 Cataby Yandan Hill,1
78,438.12500,433.12500,5.0000,-RPT,FM,VK6RGF 7,OFF,100.0 Hz,023,1500 Hz,MID,OFF,5.0KHz,0,VK6RGF 7 - Kalgoorlie,1
79,438.52500,433.52500,5.0000,-RPT,FM,VK6RLM 7,OFF,100.0 Hz,023,1500 Hz,MID,OFF,5.0KHz,0,VK6RLM 7 PerSE2 Roleystone,1
80,438.52500,433.52500,5.0000,-RPT,FM,VK6RMS 7,OFF,100.0 Hz,023,1500 Hz,MID,OFF,5.0KHz,0,VK6RMS 7 - Boddington,1
81,438.72500,433.72500,5.0000,-RPT,FM,VK6RNA 7,TONE SQL,123.0 Hz,023,1500 Hz,MID,OFF,5.0KHz,0,VK6RNA 7 - Wanneroo,1
82,439.92500,434.92500,5.0000,-RPT,FM,VK6RNS 7,OFF,100.0 Hz,023,1500 Hz,MID,OFF,5.0KHz,0,VK6RNS 7 - Whiteman Park,1
83,439.70000,434.70000,5.0000,-RPT,FM,VK6ROT 7,OFF,100.0 Hz,023,1500 Hz,MID,OFF,5.0KHz,0,VK6ROT 7 Rotto Rottnest Is,1
84,438.22500,433.22500,5.0000,-RPT,FM,VK6RTH 7,OFF,100.0 Hz,023,1500 Hz,MID,OFF,5.0KHz,0,VK6RTH 7 PerNE Tic Hill,1
85,147.00000,146.40000,0.6000,-RPT,FM,VK7RAA 2,OFF,100.0 Hz,023,1500 Hz,MID,OFF,5.0KHz,0,VK7RAA 2 - Mt Barrow,1
86,147.37500,147.97500,0.6000,+RPT,FM,VK7RAC 2,OFF,100.0 Hz,023,1500 Hz,MID,OFF,5.0KHz,0,VK7RAC 2 - Table Cape,1
87,146.70000,146.10000,0.6000,-RPT,FM,VK7RAD 2,TONE SQL,141.3 Hz,023,1500 Hz,MID,OFF,5.0KHz,0,VK7RAD 2 - Queens Domain,1
88,147.97500,147.37500,0.6000,-RPT,FM,VK7RADA2,TONE SQL,141.3 Hz,023,1500 Hz,MID,OFF,5.0KHz,0,VK7RADA2 - Queens Domain,1
89,146.65000,146.05000,0.6000,-RPT,FM,VK7RAF 2,TONE SQL,123.0 Hz,023,1500 Hz,MID,OFF,5.0KHz,0,VK7RAF 2 - Mt Faulkner,1
90,146.80000,146.20000,0.6000,-RPT,FM,VK7RAK 2,OFF,100.0 Hz,023,1500 Hz,MID,OFF,5.0KHz,0,VK7RAK 2 - Gagebrook,1
91,147.30000,147.30000,0.0000,+RPT,FM,VK7RBI 2,TONE SQL,114.8 Hz,023,1500 Hz,MID,OFF,5.0KHz,0,VK7RBI 2 - Alonnah,1
92,147.87500,146.07500,1.8000,-RPT,FM,VK7RCR 2,TONE SQL,123.0 Hz,023,1500 Hz,MID,OFF,5.0KHz,0,VK7RCR 2 - Lenah Valley,1
93,146.90000,146.30000,0.6000,-RPT,FM,VK7REC 2,OFF,100.0 Hz,023,1500 Hz,MID,OFF,5.0KHz,0,VK7REC 2 - Snow Hill,1
94,146.85000,146.25000,0.6000,-RPT,FM,VK7RHT 2,OFF,100.0 Hz,023,1500 Hz,MID,OFF,5.0KHz,0,VK7RHT 2 - Snug Tiers,1
95,146.62500,146.02500,0.6000,-RPT,FM,VK7RMD 2,OFF,100.0 Hz,023,1500 Hz,MID,OFF,5.0KHz,0,VK7RMD 2 - Mt Duncan,1
96,146.75000,146.15000,0.6000,-RPT,FM,VK7RNW 2,OFF,100.0 Hz,023,1500 Hz,MID,OFF,5.0KHz,0,VK7RNW 2 - Ulverstone West,1
97,146.77500,146.17500,0.6000,-RPT,FM,VK7RTV 2,OFF,100.0 Hz,023,1500 Hz,MID,OFF,5.0KHz,0,VK7RTV 2 - Stowport,1
98,147.07500,147.67500,0.6000,+RPT,FM,VK7RWC 2,TONE SQL,123.0 Hz,023,1500 Hz,MID,OFF,5.0KHz,0,VK7RWC 2 - Mt Read,1
99,438.55000,433.55000,5.0000,-RPT,FM,VK7RAB 7,OFF,100.0 Hz,023,1500 Hz,MID,OFF,5.0KHz,0,VK7RAB 7 - Mt Arthur,1
100,438.65000,433.65000,5.0000,-RPT,FM,VK7RAC 7,TONE SQL,141.3 Hz,023,1500 Hz,MID,OFF,5.0KHz,0,VK7RAC 7 - Table Cape,1
101,438.55000,433.55000,5.0000,-RPT,FM,VK7RAF 7,OFF,100.0 Hz,023,1500 Hz,MID,OFF,5.0KHz,0,VK7RAF 7 - Mt Faulkner,1
102,438.70000,433.70000,5.0000,-RPT,FM,VK7RAK 7,OFF,100.0 Hz,023,1500 Hz,MID,OFF,5.0KHz,0,VK7RAK 7 - Gagebrook,1
103,439.90000,434.90000,5.0000,-RPT,FM,VK7RAL 7,TONE SQL,141.3 Hz,023,1500 Hz,MID,OFF,5.0KHz,0,VK7RAL 7 - Companion Hill,1
104,438.05000,433.05000,5.0000,-RPT,FM,VK7RBH 7,OFF,100.0 Hz,023,1500 Hz,MID,OFF,5.0KHz,0,VK7RBH 7 - Ben Lomond,1
105,438.57500,433.57500,5.0000,-RPT,FM,VK7RCH 7,TONE SQL,123.0 Hz,023,1500 Hz,MID,OFF,5.0KHz,0,VK7RCH 7 - Grey Mountain,1
106,438.52500,433.52500,5.0000,-RPT,FM,VK7RCR 7,TONE SQL,91.5 Hz,023,1500 Hz,MID,OFF,5.0KHz,0,VK7RCR 7 - Lenah Valley,1
107,439.77500,434.77500,5.0000,-RPT,FM,VK7RDR 7,TONE SQL,91.5 Hz,023,1500 Hz,MID,OFF,5.0KHz,0,VK7RDR 7 - Dazzler Range,1
108,439.75000,434.75000,5.0000,-RPT,FM,VK7RDS 7,OFF,100.0 Hz,023,1500 Hz,MID,OFF,5.0KHz,0,VK7RDS 7 - Mt Nelson,1
109,439.70000,434.70000,5.0000,-RPT,FM,VK7REC 7,OFF,100.0 Hz,023,1500 Hz,MID,OFF,5.0KHz,0,VK7REC 7 - Snow Hill,1
110,438.50000,433.50000,5.0000,-RPT,FM,VK7RIN 7,OFF,100.0 Hz,023,1500 Hz,MID,OFF,5.0KHz,0,VK7RIN 7 - Barren Tier,1
111,438.60000,433.60000,5.0000,-RPT,FM,VK7RMD 7,TONE SQL,141.3 Hz,023,1500 Hz,MID,OFF,5.0KHz,0,VK7RMD 7 - Mt Duncan,1
112,439.95000,434.95000,5.0000,-RPT,FM,VK7RML 7,TONE SQL,141.3 Hz,023,1500 Hz,MID,OFF,5.0KHz,0,VK7RML 7 - Mt Lloyd,1
113,439.82500,434.82500,5.0000,-RPT,FM,VK7RTC 7,TONE SQL,91.5 Hz,023,1500 Hz,MID,OFF,5.0KHz,0,VK7RTC 7 - Mt Wellington,1
114,146.95000,146.35000,0.6000,-RPT,FM,VK8RCA 2,TONE SQL,91.5 Hz,023,1500 Hz,MID,OFF,5.0KHz,0,VK8RCA 2 ASpr2 West Gap,1
115,146.90000,146.30000,0.6000,-RPT,FM,VK8RDA 2,TONE SQL,123.0 Hz,023,1500 Hz,MID,OFF,5.0KHz,0,VK8RDA 2 - Darwin,1
116,146.95000,146.35000,0.6000,-RPT,FM,VK8RPD 2,OFF,100.0 Hz,023,1500 Hz,MID,OFF,5.0KHz,0,VK8RPD 2 - Moil,1
117,147.00000,146.40000,0.6000,-RPT,FM,VK8RTE 2,TONE SQL,123.0 Hz,023,1500 Hz,MID,OFF,5.0KHz,0,VK8RTE 2 - Larrakeyah,1
118,146.80000,146.20000,0.6000,-RPT,FM,VK8RWI 2,TONE SQL,123.0 Hz,023,1500 Hz,MID,OFF,5.0KHz,0,VK8RWI 2 - Marrara,1
119,438.27500,433.27500,5.0000,-RPT,FM,VK8RDA 7,TONE SQL,91.5 Hz,023,1500 Hz,MID,OFF,5.0KHz,0,VK8RDA 7 - Darwin,1
120,438.52500,433.52500,5.0000,-RPT,FM,VK8RIT 7,TONE SQL,91.5 Hz,023,1500 Hz,MID,OFF,5.0KHz,0,VK8RIT 7 ASpr70 West Gap,1
121,439.97500,434.97500,5.0000,-RPT,FM,VK8RWI 7,TONE SQL,91.5 Hz,023,1500 Hz,MID,OFF,5.0KHz,0,VK8RWI 7 - Marrara,1
122,145.17500,145.17500,0.0000,OFF,FM,APRSAU A,OFF,100.0 Hz,023,1500 Hz,MID,OFF,5.0KHz,0,APRSAU APRSAU ,1
123,145.20000,145.20000,0.0000,OFF,FM,APRWIC W,OFF,100.0 Hz,023,1500 Hz,MID,OFF,5.0KHz,0,APRWIC Wicen ,1
124,145.82500,145.82500,0.0000,OFF,FM,APRISS A,OFF,100.0 Hz,023,1500 Hz,MID,OFF,5.0KHz,0,APRISS APRISS ,1
125,144.93000,144.93000,0.0000,OFF,FM,APRSAR A,OFF,100.0 Hz,023,1500 Hz,MID,OFF,5.0KHz,0,APRSAR APRSAR ,1
126,145.57500,145.57500,0.0000,OFF,FM,APRSBR A,OFF,100.0 Hz,023,1500 Hz,MID,OFF,5.0KHz,0,APRSBR APRSBR ,1
127,144.64000,144.64000,0.0000,OFF,FM,APRSCN A,OFF,100.0 Hz,023,1500 Hz,MID,OFF,5.0KHz,0,APRSCN APRSCN ,1
128,144.80000,144.80000,0.0000,OFF,FM,APRSCR A,OFF,100.0 Hz,023,1500 Hz,MID,OFF,5.0KHz,0,APRSCR APRSCR ,1
129,144.80000,144.80000,0.0000,OFF,FM,APRSEU A,OFF,100.0 Hz,023,1500 Hz,MID,OFF,5.0KHz,0,APRSEU APRSEU ,1
130,144.66000,144.66000,0.0000,OFF,FM,APRSJP A,OFF,100.0 Hz,023,1500 Hz,MID,OFF,5.0KHz,0,APRSJP APRSJP ,1
131,144.62000,144.62000,0.0000,OFF,FM,APRSKO A,OFF,100.0 Hz,023,1500 Hz,MID,OFF,5.0KHz,0,APRSKO APRSKO ,1
132,144.57500,144.57500,0.0000,OFF,FM,APRSNZ A,OFF,100.0 Hz,023,1500 Hz,MID,OFF,5.0KHz,0,APRSNZ APRSNZ ,1
133,144.52500,144.52500,0.0000,OFF,FM,APRSTH A,OFF,100.0 Hz,023,1500 Hz,MID,OFF,5.0KHz,0,APRSTH APRSTH ,1
134,144.39000,144.39000,0.0000,OFF,FM,APRSUS A,OFF,100.0 Hz,023,1500 Hz,MID,OFF,5.0KHz,0,APRSUS APRSUS ,1
135,145.01000,145.01000,0.0000,OFF,FM,APRSVE A,OFF,100.0 Hz,023,1500 Hz,MID,OFF,5.0KHz,0,APRSVE APRSVE ,1
136,432.71250,432.71250,0.0000,OFF,FM,S27125 S,OFF,100.0 Hz,023,1500 Hz,MID,OFF,5.0KHz,0,S27125 S27125 SYDROZ 4327125,1
137,147.02500,147.02500,0.0000,OFF,FM,S7025 S7,OFF,100.0 Hz,023,1500 Hz,MID,OFF,5.0KHz,0,S7025 S7025 Paddo 147025,1
138,147.62500,147.62500,0.0000,OFF,FM,S7625 S7,OFF,100.0 Hz,023,1500 Hz,MID,OFF,5.0KHz,0,S7625 S7625 Paddo 147625,1
139,438.11250,438.11250,0.0000,OFF,FM,S81125 S,OFF,100.0 Hz,023,1500 Hz,MID,OFF,5.0KHz,0,S81125 S81125 SYDROZ 4381125,1
140,433.80000,433.80000,0.0000,OFF,FM,W3800 W3,OFF,100.0 Hz,023,1500 Hz,MID,OFF,5.0KHz,0,W3800 W3800 Wicen,1
141,147.12500,147.12500,0.0000,OFF,FM,W7125 W7,OFF,100.0 Hz,023,1500 Hz,MID,OFF,5.0KHz,0,W7125 W7125 Wicen 7125 Out,1
142,147.15000,147.15000,0.0000,OFF,FM,W7150 W7,OFF,100.0 Hz,023,1500 Hz,MID,OFF,5.0KHz,0,W7150 W7150 Wicen 7150 Out,1
143,147.17500,147.17500,0.0000,OFF,FM,W7175 W7,OFF,100.0 Hz,023,1500 Hz,MID,OFF,5.0KHz,0,W7175 W7175 Wicen 7175 Out,1
144,147.50000,147.50000,0.0000,OFF,FM,W7500 W7,OFF,100.0 Hz,023,1500 Hz,MID,OFF,5.0KHz,0,W7500 W7750 Wicen Simp,1
145,147.72500,147.72500,0.0000,OFF,FM,W7725 W7,OFF,100.0 Hz,023,1500 Hz,MID,OFF,5.0KHz,0,W7725 W7725 Wicen 7125 Rev,1
146,147.75000,147.75000,0.0000,OFF,FM,W7750 W7,OFF,100.0 Hz,023,1500 Hz,MID,OFF,5.0KHz,0,W7750 W7750 Wicen 7150 Rev,1
147,147.77500,147.77500,0.0000,OFF,FM,W7775 W7,OFF,100.0 Hz,023,1500 Hz,MID,OFF,5.0KHz,0,W7775 W7775 Wicen 7175 Rev,1
148,438.27500,438.27500,0.0000,OFF,FM,W8275 W8,OFF,100.0 Hz,023,1500 Hz,MID,OFF,5.0KHz,0,W8275 W8275 Wicen,1
149,438.62500,438.62500,0.0000,OFF,FM,W8625 W8,OFF,100.0 Hz,023,1500 Hz,MID,OFF,5.0KHz,0,W8625 W8625 Wicen,1
150,438.80000,438.80000,0.0000,OFF,FM,W8800 W8,OFF,100.0 Hz,023,1500 Hz,MID,OFF,5.0KHz,0,W8800 W8800 Wicen,1
151,439.92500,439.92500,0.0000,OFF,FM,W9925 W9,OFF,100.0 Hz,023,1500 Hz,MID,OFF,5.0KHz,0,W9925 W9925 Wicen,1
152,439.97500,439.97500,0.0000,OFF,FM,W9975 W9,OFF,100.0 Hz,023,1500 Hz,MID,OFF,5.0KHz,0,W9975 W9975 Wicen,1
153,145.20000,145.20000,0.0000,OFF,FM,WicenPkt,OFF,100.0 Hz,023,1500 Hz,MID,OFF,5.0KHz,0,WicenPkt WICENP WICEN PKT,1
154,147.20000,147.80000,0.6000,+RPT,FM,VK5RBP 2,OFF,100.0 Hz,023,1500 Hz,MID,OFF,5.0KHz,0,VK5RBP 2 - portable,1
155,147.30000,147.90000,0.6000,+RPT,FM,VK5RWI 2,OFF,100.0 Hz,023,1500 Hz,MID,OFF,5.0KHz,0,VK5RWI 2 - portable,1
156,438.20000,433.20000,5.0000,-RPT,FM,VK5RBP 7,OFF,100.0 Hz,023,1500 Hz,MID,OFF,5.0KHz,0,VK5RBP 7 - portable,1
157,146.87500,146.27500,0.6000,-RPT,FM,VK6RIC 2,OFF,100.0 Hz,023,1500 Hz,MID,OFF,5.0KHz,0,VK6RIC 2 - portable,1
158,147.02500,147.62500,0.6000,+RPT,FM,VK6RPT 2,OFF,100.0 Hz,023,1500 Hz,MID,OFF,5.0KHz,0,VK6RPT 2 - portable,1
159,147.62500,147.02500,0.6000,-RPT,FM,VK6RPTA2,OFF,100.0 Hz,023,1500 Hz,MID,OFF,5.0KHz,0,VK6RPTA2 - portable,1
160,146.97500,146.37500,0.6000,-RPT,FM,VK6RSH 2,OFF,100.0 Hz,023,1500 Hz,MID,OFF,5.0KHz,0,VK6RSH 2 - portable,1
161,439.95000,434.95000,5.0000,-RPT,FM,VK6RAR 7,OFF,100.0 Hz,023,1500 Hz,MID,OFF,5.0KHz,0,VK6RAR 7 - portable,1
162,438.02500,433.02500,5.0000,-RPT,FM,VK6RPT 7,OFF,100.0 Hz,023,1500 Hz,MID,OFF,5.0KHz,0,VK6RPT 7 - portable,1
163,,,,,,,,,,,,,,0,,1
164,,,,,,,,,,,,,,0,,1
165,,,,,,,,,,,,,,0,,1
166,,,,,,,,,,,,,,0,,1
167,,,,,,,,,,,,,,0,,1
168,,,,,,,,,,,,,,0,,1
169,,,,,,,,,,,,,,0,,1
170,,,,,,,,,,,,,,0,,1
171,,,,,,,,,,,,,,0,,1
172,,,,,,,,,,,,,,0,,1
173,,,,,,,,,,,,,,0,,1
174,,,,,,,,,,,,,,0,,1
175,,,,,,,,,,,,,,0,,1
176,,,,,,,,,,,,,,0,,1
177,,,,,,,,,,,,,,0,,1
178,,,,,,,,,,,,,,0,,1
179,,,,,,,,,,,,,,0,,1
180,,,,,,,,,,,,,,0,,1
181,,,,,,,,,,,,,,0,,1
182,,,,,,,,,,,,,,0,,1
183,,,,,,,,,,,,,,0,,1
184,,,,,,,,,,,,,,0,,1
185,,,,,,,,,,,,,,0,,1
186,,,,,,,,,,,,,,0,,1
187,,,,,,,,,,,,,,0,,1
188,,,,,,,,,,,,,,0,,1
189,,,,,,,,,,,,,,0,,1
190,,,,,,,,,,,,,,0,,1
191,,,,,,,,,,,,,,0,,1
192,,,,,,,,,,,,,,0,,1
193,,,,,,,,,,,,,,0,,1
194,,,,,,,,,,,,,,0,,1
195,,,,,,,,,,,,,,0,,1
196,,,,,,,,,,,,,,0,,1
197,,,,,,,,,,,,,,0,,1
198,,,,,,,,,,,,,,0,,1
199,,,,,,,,,,,,,,0,,1
200,,,,,,,,,,,,,,0,,1
201,,,,,,,,,,,,,,0,,1
202,,,,,,,,,,,,,,0,,1
203,,,,,,,,,,,,,,0,,1
204,,,,,,,,,,,,,,0,,1
205,,,,,,,,,,,,,,0,,1
206,,,,,,,,,,,,,,0,,1
207,,,,,,,,,,,,,,0,,1
208,,,,,,,,,,,,,,0,,1
209,,,,,,,,,,,,,,0,,1
210,,,,,,,,,,,,,,0,,1
211,,,,,,,,,,,,,,0,,1
212,,,,,,,,,,,,,,0,,1
213,,,,,,,,,,,,,,0,,1
214,,,,,,,,,,,,,,0,,1
215,,,,,,,,,,,,,,0,,1
216,,,,,,,,,,,,,,0,,1
217,,,,,,,,,,,,,,0,,1
218,,,,,,,,,,,,,,0,,1
219,,,,,,,,,,,,,,0,,1
220,,,,,,,,,,,,,,0,,1
221,,,,,,,,,,,,,,0,,1
222,,,,,,,,,,,,,,0,,1
223,,,,,,,,,,,,,,0,,1
224,,,,,,,,,,,,,,0,,1
225,,,,,,,,,,,,,,0,,1
226,,,,,,,,,,,,,,0,,1
227,,,,,,,,,,,,,,0,,1
228,,,,,,,,,,,,,,0,,1
229,,,,,,,,,,,,,,0,,1
230,,,,,,,,,,,,,,0,,1
231,,,,,,,,,,,,,,0,,1
232,,,,,,,,,,,,,,0,,1
233,,,,,,,,,,,,,,0,,1
234,,,,,,,,,,,,,,0,,1
235,,,,,,,,,,,,,,0,,1
236,,,,,,,,,,,,,,0,,1
237,,,,,,,,,,,,,,0,,1
238,,,,,,,,,,,,,,0,,1
239,,,,,,,,,,,,,,0,,1
240,,,,,,,,,,,,,,0,,1
241,,,,,,,,,,,,,,0,,1
242,,,,,,,,,,,,,,0,,1
243,,,,,,,,,,,,,,0,,1
244,,,,,,,,,,,,,,0,,1
245,,,,,,,,,,,,,,0,,1
246,,,,,,,,,,,,,,0,,1
247,,,,,,,,,,,,,,0,,1
248,,,,,,,,,,,,,,0,,1
249,,,,,,,,,,,,,,0,,1
250,,,,,,,,,,,,,,0,,1
251,,,,,,,,,,,,,,0,,1
252,,,,,,,,,,,,,,0,,1
253,,,,,,,,,,,,,,0,,1
254,,,,,,,,,,,,,,0,,1
255,,,,,,,,,,,,,,0,,1
256,,,,,,,,,,,,,,0,,1
257,,,,,,,,,,,,,,0,,1
258,,,,,,,,,,,,,,0,,1
259,,,,,,,,,,,,,,0,,1
260,,,,,,,,,,,,,,0,,1
261,,,,,,,,,,,,,,0,,1
262,,,,,,,,,,,,,,0,,1
263,,,,,,,,,,,,,,0,,1
264,,,,,,,,,,,,,,0,,1
265,,,,,,,,,,,,,,0,,1
266,,,,,,,,,,,,,,0,,1
267,,,,,,,,,,,,,,0,,1
268,,,,,,,,,,,,,,0,,1
269,,,,,,,,,,,,,,0,,1
270,,,,,,,,,,,,,,0,,1
271,,,,,,,,,,,,,,0,,1
272,,,,,,,,,,,,,,0,,1
273,,,,,,,,,,,,,,0,,1
274,,,,,,,,,,,,,,0,,1
275,,,,,,,,,,,,,,0,,1
276,,,,,,,,,,,,,,0,,1
277,,,,,,,,,,,,,,0,,1
278,,,,,,,,,,,,,,0,,1
279,,,,,,,,,,,,,,0,,1
280,,,,,,,,,,,,,,0,,1
281,,,,,,,,,,,,,,0,,1
282,,,,,,,,,,,,,,0,,1
283,,,,,,,,,,,,,,0,,1
284,,,,,,,,,,,,,,0,,1
285,,,,,,,,,,,,,,0,,1
286,,,,,,,,,,,,,,0,,1
287,,,,,,,,,,,,,,0,,1
288,,,,,,,,,,,,,,0,,1
289,,,,,,,,,,,,,,0,,1
290,,,,,,,,,,,,,,0,,1
291,,,,,,,,,,,,,,0,,1
292,,,,,,,,,,,,,,0,,1
293,,,,,,,,,,,,,,0,,1
294,,,,,,,,,,,,,,0,,1
295,,,,,,,,,,,,,,0,,1
296,,,,,,,,,,,,,,0,,1
297,,,,,,,,,,,,,,0,,1
298,,,,,,,,,,,,,,0,,1
299,,,,,,,,,,,,,,0,,1
300,,,,,,,,,,,,,,0,,1
301,,,,,,,,,,,,,,0,,1
302,,,,,,,,,,,,,,0,,1
303,,,,,,,,,,,,,,0,,1
304,,,,,,,,,,,,,,0,,1
305,,,,,,,,,,,,,,0,,1
306,,,,,,,,,,,,,,0,,1
307,,,,,,,,,,,,,,0,,1
308,,,,,,,,,,,,,,0,,1
309,,,,,,,,,,,,,,0,,1
310,,,,,,,,,,,,,,0,,1
311,,,,,,,,,,,,,,0,,1
312,,,,,,,,,,,,,,0,,1
313,,,,,,,,,,,,,,0,,1
314,,,,,,,,,,,,,,0,,1
315,,,,,,,,,,,,,,0,,1
316,,,,,,,,,,,,,,0,,1
317,,,,,,,,,,,,,,0,,1
318,,,,,,,,,,,,,,0,,1
319,,,,,,,,,,,,,,0,,1
320,,,,,,,,,,,,,,0,,1
321,,,,,,,,,,,,,,0,,1
322,,,,,,,,,,,,,,0,,1
323,,,,,,,,,,,,,,0,,1
324,,,,,,,,,,,,,,0,,1
325,,,,,,,,,,,,,,0,,1
326,,,,,,,,,,,,,,0,,1
327,,,,,,,,,,,,,,0,,1
328,,,,,,,,,,,,,,0,,1
329,,,,,,,,,,,,,,0,,1
330,,,,,,,,,,,,,,0,,1
331,,,,,,,,,,,,,,0,,1
332,,,,,,,,,,,,,,0,,1
333,,,,,,,,,,,,,,0,,1
334,,,,,,,,,,,,,,0,,1
335,,,,,,,,,,,,,,0,,1
336,,,,,,,,,,,,,,0,,1
337,,,,,,,,,,,,,,0,,1
338,,,,,,,,,,,,,,0,,1
339,,,,,,,,,,,,,,0,,1
340,,,,,,,,,,,,,,0,,1
341,,,,,,,,,,,,,,0,,1
342,,,,,,,,,,,,,,0,,1
343,,,,,,,,,,,,,,0,,1
344,,,,,,,,,,,,,,0,,1
345,,,,,,,,,,,,,,0,,1
346,,,,,,,,,,,,,,0,,1
347,,,,,,,,,,,,,,0,,1
348,,,,,,,,,,,,,,0,,1
349,,,,,,,,,,,,,,0,,1
350,,,,,,,,,,,,,,0,,1
351,,,,,,,,,,,,,,0,,1
352,,,,,,,,,,,,,,0,,1
353,,,,,,,,,,,,,,0,,1
354,,,,,,,,,,,,,,0,,1
355,,,,,,,,,,,,,,0,,1
356,,,,,,,,,,,,,,0,,1
357,,,,,,,,,,,,,,0,,1
358,,,,,,,,,,,,,,0,,1
359,,,,,,,,,,,,,,0,,1
360,,,,,,,,,,,,,,0,,1
361,,,,,,,,,,,,,,0,,1
362,,,,,,,,,,,,,,0,,1
363,,,,,,,,,,,,,,0,,1
364,,,,,,,,,,,,,,0,,1
365,,,,,,,,,,,,,,0,,1
366,,,,,,,,,,,,,,0,,1
367,,,,,,,,,,,,,,0,,1
368,,,,,,,,,,,,,,0,,1
369,,,,,,,,,,,,,,0,,1
370,,,,,,,,,,,,,,0,,1
371,,,,,,,,,,,,,,0,,1
372,,,,,,,,,,,,,,0,,1
373,,,,,,,,,,,,,,0,,1
374,,,,,,,,,,,,,,0,,1
375,,,,,,,,,,,,,,0,,1
376,,,,,,,,,,,,,,0,,1
377,,,,,,,,,,,,,,0,,1
378,,,,,,,,,,,,,,0,,1
379,,,,,,,,,,,,,,0,,1
380,,,,,,,,,,,,,,0,,1
381,,,,,,,,,,,,,,0,,1
382,,,,,,,,,,,,,,0,,1
383,,,,,,,,,,,,,,0,,1
384,,,,,,,,,,,,,,0,,1
385,,,,,,,,,,,,,,0,,1
386,,,,,,,,,,,,,,0,,1
387,,,,,,,,,,,,,,0,,1
388,,,,,,,,,,,,,,0,,1
389,,,,,,,,,,,,,,0,,1
390,,,,,,,,,,,,,,0,,1
391,,,,,,,,,,,,,,0,,1
392,,,,,,,,,,,,,,0,,1
393,,,,,,,,,,,,,,0,,1
394,,,,,,,,,,,,,,0,,1
395,,,,,,,,,,,,,,0,,1
396,,,,,,,,,,,,,,0,,1
397,,,,,,,,,,,,,,0,,1
398,,,,,,,,,,,,,,0,,1
399,,,,,,,,,,,,,,0,,1
400,,,,,,,,,,,,,,0,,1
401,,,,,,,,,,,,,,0,,1
402,,,,,,,,,,,,,,0,,1
403,,,,,,,,,,,,,,0,,1
404,,,,,,,,,,,,,,0,,1
405,,,,,,,,,,,,,,0,,1
406,,,,,,,,,,,,,,0,,1
407,,,,,,,,,,,,,,0,,1
408,,,,,,,,,,,,,,0,,1
409,,,,,,,,,,,,,,0,,1
410,,,,,,,,,,,,,,0,,1
411,,,,,,,,,,,,,,0,,1
412,,,,,,,,,,,,,,0,,1
413,,,,,,,,,,,,,,0,,1
414,,,,,,,,,,,,,,0,,1
415,,,,,,,,,,,,,,0,,1
416,,,,,,,,,,,,,,0,,1
417,,,,,,,,,,,,,,0,,1
418,,,,,,,,,,,,,,0,,1
419,,,,,,,,,,,,,,0,,1
420,,,,,,,,,,,,,,0,,1
421,,,,,,,,,,,,,,0,,1
422,,,,,,,,,,,,,,0,,1
423,,,,,,,,,,,,,,0,,1
424,,,,,,,,,,,,,,0,,1
425,,,,,,,,,,,,,,0,,1
426,,,,,,,,,,,,,,0,,1
427,,,,,,,,,,,,,,0,,1
428,,,,,,,,,,,,,,0,,1
429,,,,,,,,,,,,,,0,,1
430,,,,,,,,,,,,,,0,,1
431,,,,,,,,,,,,,,0,,1
432,,,,,,,,,,,,,,0,,1
433,,,,,,,,,,,,,,0,,1
434,,,,,,,,,,,,,,0,,1
435,,,,,,,,,,,,,,0,,1
436,,,,,,,,,,,,,,0,,1
437,,,,,,,,,,,,,,0,,1
438,,,,,,,,,,,,,,0,,1
439,,,,,,,,,,,,,,0,,1
440,,,,,,,,,,,,,,0,,1
441,,,,,,,,,,,,,,0,,1
442,,,,,,,,,,,,,,0,,1
443,,,,,,,,,,,,,,0,,1
444,,,,,,,,,,,,,,0,,1
445,,,,,,,,,,,,,,0,,1
446,,,,,,,,,,,,,,0,,1
447,,,,,,,,,,,,,,0,,1
448,,,,,,,,,,,,,,0,,1
449,,,,,,,,,,,,,,0,,1
450,,,,,,,,,,,,,,0,,1
451,,,,,,,,,,,,,,0,,1
452,,,,,,,,,,,,,,0,,1
453,,,,,,,,,,,,,,0,,1
454,,,,,,,,,,,,,,0,,1
455,,,,,,,,,,,,,,0,,1
456,,,,,,,,,,,,,,0,,1
457,,,,,,,,,,,,,,0,,1
458,,,,,,,,,,,,,,0,,1
459,,,,,,,,,,,,,,0,,1
460,,,,,,,,,,,,,,0,,1
461,,,,,,,,,,,,,,0,,1
462,,,,,,,,,,,,,,0,,1
463,,,,,,,,,,,,,,0,,1
464,,,,,,,,,,,,,,0,,1
465,,,,,,,,,,,,,,0,,1
466,,,,,,,,,,,,,,0,,1
467,,,,,,,,,,,,,,0,,1
468,,,,,,,,,,,,,,0,,1
469,,,,,,,,,,,,,,0,,1
470,,,,,,,,,,,,,,0,,1
471,,,,,,,,,,,,,,0,,1
472,,,,,,,,,,,,,,0,,1
473,,,,,,,,,,,,,,0,,1
474,,,,,,,,,,,,,,0,,1
475,,,,,,,,,,,,,,0,,1
476,,,,,,,,,,,,,,0,,1
477,,,,,,,,,,,,,,0,,1
478,,,,,,,,,,,,,,0,,1
479,,,,,,,,,,,,,,0,,1
480,,,,,,,,,,,,,,0,,1
481,,,,,,,,,,,,,,0,,1
482,,,,,,,,,,,,,,0,,1
483,,,,,,,,,,,,,,0,,1
484,,,,,,,,,,,,,,0,,1
485,,,,,,,,,,,,,,0,,1
486,,,,,,,,,,,,,,0,,1
487,,,,,,,,,,,,,,0,,1
488,,,,,,,,,,,,,,0,,1
489,,,,,,,,,,,,,,0,,1
490,,,,,,,,,,,,,,0,,1
491,,,,,,,,,,,,,,0,,1
492,,,,,,,,,,,,,,0,,1
493,,,,,,,,,,,,,,0,,1
494,,,,,,,,,,,,,,0,,1
495,,,,,,,,,,,,,,0,,1
496,,,,,,,,,,,,,,0,,1
497,,,,,,,,,,,,,,0,,1
498,,,,,,,,,,,,,,0,,1
499,,,,,,,,,,,,,,0,,1
500,,,,,,,,,,,,,,0,,1
