1,438.11250,432.71250,5.4000,-RPT,FM,VK2ROZ 7,TONE SQL,91.5 Hz,023,1500 Hz,MID,SELECT,5.0KHz,0,VK2ROZ 7 - Sydney CBD,0
2,438.11250,432.71250,5.4000,-RPT,FM,VK2ROZ 4,OFF,100.0 Hz,023,1500 Hz,MID,SELECT,5.0KHz,0,VK2ROZ 4 - Sydney CBD,0
3,147.02500,147.62500,0.6000,+RPT,FM,VK2ROT 2,TONE SQL,91.5 Hz,023,1500 Hz,MID,SELECT,5.0KHz,0,VK2ROT 2 Paddo Paddington,0
4,438.57500,433.57500,5.0000,-RPT,FM,VK2ROT 7,TONE SQL,91.5 Hz,023,1500 Hz,MID,SELECT,5.0KHz,0,VK2ROT 7 Paddo Paddington,0
5,439.80000,434.80000,5.0000,-RPT,FM,VK2RCG 7,TONE SQL,91.5 Hz,023,1500 Hz,MID,SELECT,5.0KHz,0,VK2RCG 7 - Sydney,0
6,438.45000,433.45000,5.0000,-RPT,FM,VK2RCF 7,TONE SQL,91.5 Hz,023,1500 Hz,MID,SELECT,5.0KHz,0,VK2RCF 7 - Carlingford,0
7,147.00000,146.40000,0.6000,-RPT,FM,VK2RWI 2,OFF,100.0 Hz,023,1500 Hz,MID,SELECT,5.0KHz,0,VK2RWI 2 Dural Dural,0
8,438.52500,433.52500,5.0000,-RPT,FM,VK2RWI 7,OFF,100.0 Hz,023,1500 Hz,MID,SELECT,5.0KHz,0,VK2RWI 7 Dural Dural,0
9,438.60000,433.60000,5.0000,-RPT,FM,VK2RWIA7,OFF,100.0 Hz,023,1500 Hz,MID,SELECT,5.0KHz,0,VK2RWIA7 Dural1 Dural,0
10,439.90000,434.90000,5.0000,-RPT,FM,VK2RWIB7,OFF,100.0 Hz,023,1500 Hz,MID,SELECT,5.0KHz,0,VK2RWIB7 Dural2 Dural,0
11,146.85000,146.25000,0.6000,-RPT,FM,VK2RMP 2,OFF,100.0 Hz,023,1500 Hz,MID,SELECT,5.0KHz,0,VK2RMP 2 Maddns Maddens Plains,0
12,438.72500,433.72500,5.0000,-RPT,FM,VK2RMP 7,TONE SQL,123.0 Hz,023,1500 Hz,MID,SELECT,5.0KHz,0,VK2RMP 7 Maddns Maddens Plains,0
13,147.05000,147.65000,0.6000,+RPT,FM,VK2RBM 2,TONE SQL,123.0 Hz,023,1500 Hz,MID,SELECT,5.0KHz,0,VK2RBM 2 Lawsn1 Lawson,0
14,438.37500,433.37500,5.0000,-RPT,FM,VK2RBM 7,TONE SQL,123.0 Hz,023,1500 Hz,MID,SELECT,5.0KHz,0,VK2RBM 7 Lawsn1 Lawson,0
15,146.72500,146.12500,0.6000,-RPT,FM,VK2RAG 2,TONE SQL,91.5 Hz,023,1500 Hz,MID,OFF,5.0KHz,0,VK2RAG 2 Someb Somersby,0
16,147.12500,147.72500,0.6000,+RPT,FM,VK2RAGA2,TONE SQL,91.5 Hz,023,1500 Hz,MID,OFF,5.0KHz,0,VK2RAGA2 Someb1 Somersby,0
17,147.07500,147.67500,0.6000,+RPT,FM,VK2RCZ 2,TONE SQL,123.0 Hz,023,1500 Hz,MID,OFF,5.0KHz,0,VK2RCZ 2 Lalor Lalor Park,0
18,146.92500,146.32500,0.6000,-RPT,FM,VK2RGR 2,OFF,100.0 Hz,023,1500 Hz,MID,OFF,5.0KHz,0,VK2RGR 2 NRyde North Ryde,0
19,146.80000,146.20000,0.6000,-RPT,FM,VK2RLE 2,OFF,100.0 Hz,023,1500 Hz,MID,OFF,5.0KHz,0,VK2RLE 2 HCote Engadine,0
20,146.87500,146.27500,0.6000,-RPT,FM,VK2RMB 2,OFF,100.0 Hz,023,1500 Hz,MID,OFF,5.0KHz,0,VK2RMB 2 THills Terrey Hills,0
21,147.25000,147.85000,0.6000,+RPT,FM,VK2RNS 2,OFF,100.0 Hz,023,1500 Hz,MID,OFF,5.0KHz,0,VK2RNS 2 Asqith Asquith,0
22,147.27500,147.87500,0.6000,+RPT,FM,VK2RRR 2,OFF,100.0 Hz,023,1500 Hz,MID,OFF,5.0KHz,0,VK2RRR 2 Razor Razorback Range,0
23,147.22500,147.82500,0.6000,+RPT,FM,VK2RST 2,OFF,100.0 Hz,023,1500 Hz,MID,OFF,5.0KHz,0,VK2RST 2 Lewshm Lewisham,0
24,147.15000,147.75000,0.6000,+RPT,FM,VK2RWC 2,TONE SQL,91.5 Hz,023,1500 Hz,MID,OFF,5.0KHz,0,VK2RWC 2 Chats1 Chatswood,0
25,147.17500,147.77500,0.6000,+RPT,FM,VK2RWS 2,OFF,100.0 Hz,023,1500 Hz,MID,OFF,5.0KHz,0,VK2RWS 2 - portable,0
26,438.07500,433.07500,5.0000,-RPT,FM,VK2RAG 7,TONE SQL,91.5 Hz,023,1500 Hz,MID,OFF,5.0KHz,0,VK2RAG 7 Someb Somersby,0
27,439.52500,434.52500,5.0000,-RPT,FM,VK2RAGA7,TONE SQL,91.5 Hz,023,1500 Hz,MID,OFF,5.0KHz,0,VK2RAGA7 Someb1 Somersby,0
28,439.72500,434.72500,5.0000,-RPT,FM,VK2RAGB7,TONE SQL,91.5 Hz,023,1500 Hz,MID,OFF,5.0KHz,0,VK2RAGB7 Someb2 Somersby,0
29,439.95000,434.95000,5.0000,-RPT,FM,VK2RAGC7,TONE SQL,91.5 Hz,023,1500 Hz,MID,OFF,5.0KHz,0,VK2RAGC7 Someb3 Somersby,0
30,438.65000,433.65000,5.0000,-RPT,FM,VK2RCT 7,TONE SQL,91.5 Hz,023,1500 Hz,MID,OFF,5.0KHz,0,VK2RCT 7 - Campbelltown,0
31,439.42500,434.42500,5.0000,-RPT,FM,VK2RCZ 7,OFF,100.0 Hz,023,1500 Hz,MID,OFF,5.0KHz,0,VK2RCZ 7 Lalor Lalor Park,0
32,438.65000,433.65000,5.0000,-RPT,FM,VK2RDC 7,TONE SQL,91.5 Hz,023,1500 Hz,MID,OFF,5.0KHz,0,VK2RDC 7 - Woy Woy,0
33,439.47500,434.47500,5.0000,-RPT,FM,VK2RGW 7,OFF,100.0 Hz,023,1500 Hz,MID,OFF,5.0KHz,0,VK2RGW 7 - Glenwood,0
34,438.55000,433.55000,5.0000,-RPT,FM,VK2RHC 7,TONE SQL,91.5 Hz,023,1500 Hz,MID,OFF,5.0KHz,0,VK2RHC 7 - Hurstville,0
35,439.75000,434.75000,5.0000,-RPT,FM,VK2RHP 7,OFF,100.0 Hz,023,1500 Hz,MID,OFF,5.0KHz,0,VK2RHP 7 - Horsley Park,0
36,438.35000,432.95000,5.4000,-RPT,FM,VK2RHT 7,TONE SQL,91.5 Hz,023,1500 Hz,MID,OFF,5.0KHz,0,VK2RHT 7 Chats Chatswood,0
37,438.42500,433.42500,5.0000,-RPT,FM,VK2RLE 7,OFF,100.0 Hz,023,1500 Hz,MID,OFF,5.0KHz,0,VK2RLE 7 HCote Engadine,0
38,438.17500,433.17500,5.0000,-RPT,FM,VK2RMB 7,TONE SQL,91.5 Hz,023,1500 Hz,MID,OFF,5.0KHz,0,VK2RMB 7 THills Terrey Hills,0
39,439.57500,434.57500,5.0000,-RPT,FM,VK2RMR 7,TONE SQL,123.0 Hz,023,1500 Hz,MID,OFF,5.0KHz,0,VK2RMR 7 - Mt Riverview,0
40,439.85000,434.85000,5.0000,-RPT,FM,VK2RNG 7,OFF,100.0 Hz,023,1500 Hz,MID,OFF,5.0KHz,0,VK2RNG 7 Werri Werrington,0
41,439.97500,434.97500,5.0000,-RPT,FM,VK2RNS 7,OFF,100.0 Hz,023,1500 Hz,MID,OFF,5.0KHz,0,VK2RNS 7 Asqith Hornsby,0
42,439.92500,434.92500,5.0000,-RPT,FM,VK2RON 7,OFF,100.0 Hz,023,1500 Hz,MID,OFF,5.0KHz,0,VK2RON 7 - Artarmon,0
43,439.60000,434.60000,5.0000,-RPT,FM,VK2RRR 7,TONE SQL,91.5 Hz,023,1500 Hz,MID,OFF,5.0KHz,0,VK2RRR 7 Razor Razorback,0
44,438.47500,433.47500,5.0000,-RPT,FM,VK2RRS 7,OFF,100.0 Hz,023,1500 Hz,MID,OFF,5.0KHz,0,VK2RRS 7 - Lewisham,0
45,438.10000,433.10000,5.0000,-RPT,FM,VK2RRW 7,OFF,100.0 Hz,023,1500 Hz,MID,OFF,5.0KHz,0,VK2RRW 7 - North Ryde,0
46,439.32500,434.32500,5.0000,-RPT,FM,VK2RSV 7,TONE SQL,91.5 Hz,023,1500 Hz,MID,OFF,5.0KHz,0,VK2RSV 7 - Sans Souci,0
47,439.77500,434.77500,5.0000,-RPT,FM,VK2RSW 7,OFF,100.0 Hz,023,1500 Hz,MID,OFF,5.0KHz,0,VK2RSW 7 - Blaxland,0
48,439.30000,434.30000,5.0000,-RPT,FM,VK2RTG 7,OFF,100.0 Hz,023,1500 Hz,MID,OFF,5.0KHz,0,VK2RTG 7 - Kariong,0
49,438.27500,432.87500,5.4000,-RPT,FM,VK2RWS 7,TONE SQL,91.5 Hz,023,1500 Hz,MID,OFF,5.0KHz,0,VK2RWS 7 - Berowra North,0
50,146.92500,146.32500,0.6000,-RPT,FM,VK1RJB 2,OFF,100.0 Hz,023,1500 Hz,MID,OFF,5.0KHz,0,VK1RJB 2 Jervis Jervis Bay,0
51,147.25000,147.85000,0.6000,+RPT,FM,VK2RHH 2,OFF,100.0 Hz,023,1500 Hz,MID,OFF,5.0KHz,0,VK2RHH 2 Nimtbl Nimmitabel,0
52,146.82500,146.22500,0.6000,-RPT,FM,VK2RHR 2,OFF,100.0 Hz,023,1500 Hz,MID,OFF,5.0KHz,0,VK2RHR 2 HRange High Range,0
53,146.70000,146.10000,0.6000,-RPT,FM,VK2RMU 2,TONE SQL,123.0 Hz,023,1500 Hz,MID,OFF,5.0KHz,0,VK2RMU 2 NowraH Nowra Hill,0
54,147.07500,147.67500,0.6000,+RPT,FM,VK2RMW 2,OFF,100.0 Hz,023,1500 Hz,MID,OFF,5.0KHz,0,VK2RMW 2 Wandra Mt Wandera,0
55,147.10000,147.70000,0.6000,+RPT,FM,VK2RSH 2,OFF,100.0 Hz,023,1500 Hz,MID,OFF,5.0KHz,0,VK2RSH 2 SHigh Southern Highlands,0
56,146.67500,146.07500,0.6000,-RPT,FM,VK2RUW 2,OFF,100.0 Hz,023,1500 Hz,MID,OFF,5.0KHz,0,VK2RUW 2 Nites1 Knights Hill,0
57,146.97500,146.37500,0.6000,-RPT,FM,VK2RUWA2,OFF,100.0 Hz,023,1500 Hz,MID,OFF,5.0KHz,0,VK2RUWA2 Nites2 Knights Hill,0
58,146.82500,146.22500,0.6000,-RPT,FM,VK2RWP 2,OFF,100.0 Hz,023,1500 Hz,MID,OFF,5.0KHz,0,VK2RWP 2 WolumP Wolumla Peak,0
59,438.02500,433.02500,5.0000,-RPT,FM,VK2RHR 7,OFF,100.0 Hz,023,1500 Hz,MID,OFF,5.0KHz,0,VK2RHR 7 HRange High Range,0
60,438.30000,433.30000,5.0000,-RPT,FM,VK2RIW 7,OFF,100.0 Hz,023,1500 Hz,MID,OFF,5.0KHz,0,VK2RIW 7 - Kiama,0
61,438.12500,433.12500,5.0000,-RPT,FM,VK2RMU 7,TONE SQL,123.0 Hz,023,1500 Hz,MID,OFF,5.0KHz,0,VK2RMU 7 NowraH Nowra Hill,0
62,439.37500,434.37500,5.0000,-RPT,FM,VK2RSH 7,OFF,100.0 Hz,023,1500 Hz,MID,OFF,5.0KHz,0,VK2RSH 7 - Alpine,0
63,439.90000,434.90000,5.0000,-RPT,FM,VK2RWP 7,OFF,100.0 Hz,023,1500 Hz,MID,OFF,5.0KHz,0,VK2RWP 7 WolumP Wolumla Peak,0
64,146.62500,146.02500,0.6000,-RPT,FM,VK2RBB 2,TONE SQL,123.0 Hz,023,1500 Hz,MID,OFF,5.0KHz,0,VK2RBB 2 Byron Goonengerry,0
65,147.35000,147.95000,0.6000,+RPT,FM,VK2RBO 2,OFF,100.0 Hz,023,1500 Hz,MID,OFF,5.0KHz,0,VK2RBO 2 Coorb Cooranbong,0
66,146.75000,146.15000,0.6000,-RPT,FM,VK2RCB 2,TONE SQL,123.0 Hz,023,1500 Hz,MID,OFF,5.0KHz,0,VK2RCB 2 FranLO Francis Lookout,0
67,146.85000,146.25000,0.6000,-RPT,FM,VK2RCH 2,OFF,100.0 Hz,023,1500 Hz,MID,OFF,5.0KHz,0,VK2RCH 2 Bruxnr Mt Coramba,0
68,147.00000,146.40000,0.6000,-RPT,FM,VK2RCN 2,OFF,100.0 Hz,023,1500 Hz,MID,OFF,5.0KHz,0,VK2RCN 2 TelePt Telegraph Point,0
69,146.67500,146.07500,0.6000,-RPT,FM,VK2RCV 2,TONE SQL,123.0 Hz,023,1500 Hz,MID,OFF,5.0KHz,0,VK2RCV 2 Graft Grafton,0
70,146.65000,146.05000,0.6000,-RPT,FM,VK2RDO 2,OFF,100.0 Hz,023,1500 Hz,MID,OFF,5.0KHz,0,VK2RDO 2 Dorrig Dorrigo Plateau,0
71,146.67500,146.07500,0.6000,-RPT,FM,VK2REE 2,TONE SQL,123.0 Hz,023,1500 Hz,MID,OFF,5.0KHz,0,VK2REE 2 - Mt Ganghat,0
72,147.25000,147.85000,0.6000,+RPT,FM,VK2REH 2,TONE SQL,123.0 Hz,023,1500 Hz,MID,OFF,5.0KHz,0,VK2REH 2 Woodbn Moonimba,0
73,147.10000,147.70000,0.6000,+RPT,FM,VK2RGL 2,OFF,100.0 Hz,023,1500 Hz,MID,OFF,5.0KHz,0,VK2RGL 2 CbTree Cabbage Tree Mtn,0
74,147.20000,147.80000,0.6000,+RPT,FM,VK2RGLA2,OFF,100.0 Hz,023,1500 Hz,MID,OFF,5.0KHz,0,VK2RGLA2 CbTree Cabbage Tree Mtn,0
75,146.87500,146.27500,0.6000,-RPT,FM,VK2RMY 2,OFF,100.0 Hz,023,1500 Hz,MID,OFF,5.0KHz,0,VK2RMY 2 YarahP Mt Yarrahapinni,0
76,146.90000,146.30000,0.6000,-RPT,FM,VK2RNC 2,OFF,100.0 Hz,023,1500 Hz,MID,OFF,5.0KHz,0,VK2RNC 2 SgarL Mt Sugarloaf,0
77,146.97500,146.37500,0.6000,-RPT,FM,VK2RNCA2,OFF,100.0 Hz,023,1500 Hz,MID,OFF,5.0KHz,0,VK2RNCA2 SgarL1 Mt Sugarloaf,0
78,146.70000,146.10000,0.6000,-RPT,FM,VK2RPM 2,TONE SQL,91.5 Hz,023,1500 Hz,MID,OFF,5.0KHz,0,VK2RPM 2 MdlBro Middle Brother,0
79,146.80000,146.20000,0.6000,-RPT,FM,VK2RSC 2,TONE SQL,123.0 Hz,023,1500 Hz,MID,OFF,5.0KHz,0,VK2RSC 2 Lismor Parrots Nest,0
80,147.12500,147.72500,0.6000,+RPT,FM,VK2RSR 2,OFF,100.0 Hz,023,1500 Hz,MID,OFF,5.0KHz,0,VK2RSR 2 Scadns Scaddens Ridge,0
81,147.32500,147.92500,0.6000,+RPT,FM,VK2RTS 2,OFF,100.0 Hz,023,1500 Hz,MID,OFF,5.0KHz,0,VK2RTS 2 Lawsn2 Lawson,0
82,146.77500,146.17500,0.6000,-RPT,FM,VK2RTZ 2,OFF,100.0 Hz,023,1500 Hz,MID,OFF,5.0KHz,0,VK2RTZ 2 SugarL Mt Sugarloaf,0
83,147.15000,147.75000,0.6000,+RPT,FM,VK2RWH 2,OFF,100.0 Hz,023,1500 Hz,MID,OFF,5.0KHz,0,VK2RWH 2 Nwcsle Newcastle,0
84,147.15000,147.75000,0.6000,+RPT,FM,VK2RWK 2,OFF,100.0 Hz,023,1500 Hz,MID,OFF,5.0KHz,0,VK2RWK 2 KurraJ Kurrajong Heights,0
85,147.07500,147.67500,0.6000,+RPT,FM,VK2RWR 2,OFF,100.0 Hz,023,1500 Hz,MID,OFF,5.0KHz,0,VK2RWR 2 Moona Moona Trig,0
86,439.27500,434.27500,5.0000,-RPT,FM,VK2RAI 7,OFF,100.0 Hz,023,1500 Hz,MID,OFF,5.0KHz,0,VK2RAI 7 - Booral,0
87,438.42500,433.42500,5.0000,-RPT,FM,VK2RCN 7,TONE SQL,123.0 Hz,023,1500 Hz,MID,OFF,5.0KHz,0,VK2RCN 7 TelePt Telegraph Point,0
88,438.32500,433.32500,5.0000,-RPT,FM,VK2REE 7,OFF,100.0 Hz,023,1500 Hz,MID,OFF,5.0KHz,0,VK2REE 7 - Mt Ganghat,0
89,438.12500,433.12500,5.0000,-RPT,FM,VK2RHK 7,OFF,100.0 Hz,023,1500 Hz,MID,OFF,5.0KHz,0,VK2RHK 7 - Wyee,0
90,438.12500,433.12500,5.0000,-RPT,FM,VK2RMG 7,TONE SQL,123.0 Hz,023,1500 Hz,MID,OFF,5.0KHz,0,VK2RMG 7 - Bruxner Park,0
91,438.07500,433.07500,5.0000,-RPT,FM,VK2RMY 7,OFF,100.0 Hz,023,1500 Hz,MID,OFF,5.0KHz,0,VK2RMY 7 YarahP Mt Yarrahapinni,0
92,438.02500,433.02500,5.0000,-RPT,FM,VK2RNC 7,OFF,100.0 Hz,023,1500 Hz,MID,OFF,5.0KHz,0,VK2RNC 7 SgarL Mt Sugarloaf,0
93,438.67500,433.67500,5.0000,-RPT,FM,VK2RNCA7,OFF,100.0 Hz,023,1500 Hz,MID,OFF,5.0KHz,0,VK2RNCA7 SgarL1 Mt Sugarloaf,0
94,439.70000,434.70000,5.0000,-RPT,FM,VK2ROJ 7,TONE SQL,91.5 Hz,023,1500 Hz,MID,OFF,5.0KHz,0,VK2ROJ 7 - Bolwarra Heights,0
95,438.67500,433.67500,5.0000,-RPT,FM,VK2RPL 7,TONE SQL,123.0 Hz,023,1500 Hz,MID,OFF,5.0KHz,0,VK2RPL 7 Nardi Mt Nardi,0
96,438.52500,433.52500,5.0000,-RPT,FM,VK2RPM 7,TONE SQL,123.0 Hz,023,1500 Hz,MID,OFF,5.0KHz,0,VK2RPM 7 MdlBro Middle Brother,0
97,439.95000,434.95000,5.0000,-RPT,FM,VK2RSC 7,TONE SQL,123.0 Hz,023,1500 Hz,MID,OFF,5.0KHz,0,VK2RSC 7 Lismor Parrots Nest,0
98,438.62500,433.62500,5.0000,-RPT,FM,VK2RUM 7,OFF,100.0 Hz,023,1500 Hz,MID,OFF,5.0KHz,0,VK2RUM 7 - Merewether,0
99,439.62500,434.62500,5.0000,-RPT,FM,VK2RWH 7,OFF,100.0 Hz,023,1500 Hz,MID,OFF,5.0KHz,0,VK2RWH 7 Nwcsle Newcastle,0
100,439.82500,434.82500,5.0000,-RPT,FM,VK2RWK 7,TONE SQL,91.5 Hz,023,1500 Hz,MID,OFF,5.0KHz,0,VK2RWK 7 KurraJ Kurrajong,0
101,146.67500,146.07500,0.6000,-RPT,FM,VK2REE 4,TONE SQL,123.0 Hz,023,1500 Hz,MID,OFF,5.0KHz,0,VK2REE 4 - Mt Ganghat,0
102,438.32500,433.32500,5.0000,-RPT,FM,VK2REEA4,OFF,100.0 Hz,023,1500 Hz,MID,OFF,5.0KHz,0,VK2REEA4 - Mt Ganghat,0
103,146.90000,146.30000,0.6000,-RPT,FM,VK1RAC 2,OFF,100.0 Hz,023,1500 Hz,MID,OFF,5.0KHz,0,VK1RAC 2 Tidbin Tidbinbilla,0
104,147.17500,147.77500,0.6000,+RPT,FM,VK1RBH 2,OFF,100.0 Hz,023,1500 Hz,MID,OFF,5.0KHz,0,VK1RBH 2 BullsH Bulls Head,0
105,146.72500,146.12500,0.6000,-RPT,FM,VK1RBM 2,TONE SQL,91.5 Hz,023,1500 Hz,MID,OFF,5.0KHz,0,VK1RBM 2 Issacs Isaacs Ridge,0
106,146.95000,146.35000,0.6000,-RPT,FM,VK1RGI 2,TONE SQL,91.5 Hz,023,1500 Hz,MID,OFF,5.0KHz,0,VK1RGI 2 Ginini Mt Ginini,0
107,146.72500,146.12500,0.6000,-RPT,FM,VK2RAD 2,OFF,100.0 Hz,023,1500 Hz,MID,OFF,5.0KHz,0,VK2RAD 2 SHill South Hill,0
108,146.70000,146.10000,0.6000,-RPT,FM,VK2RAO 2,TONE SQL,91.5 Hz,023,1500 Hz,MID,OFF,5.0KHz,0,VK2RAO 2 Cbolas Mt Canobolas,0
109,147.27500,147.87500,0.6000,+RPT,FM,VK2RAP 2,OFF,100.0 Hz,023,1500 Hz,MID,OFF,5.0KHz,0,VK2RAP 2 AcacPl Acacia Plateau,0
110,147.22500,147.82500,0.6000,+RPT,FM,VK2RAY 2,OFF,100.0 Hz,023,1500 Hz,MID,OFF,5.0KHz,0,VK2RAY 2 Albury Albury,0
111,146.77500,146.17500,0.6000,-RPT,FM,VK2RBE 2,TONE SQL,91.5 Hz,023,1500 Hz,MID,OFF,5.0KHz,0,VK2RBE 2 Bethun Mt Bethungra,0
112,147.00000,146.40000,0.6000,-RPT,FM,VK2RBH 2,OFF,100.0 Hz,023,1500 Hz,MID,OFF,5.0KHz,0,VK2RBH 2 Darlng Mt Darling,0
113,146.77500,146.17500,0.6000,-RPT,FM,VK2RBK 2,OFF,100.0 Hz,023,1500 Hz,MID,OFF,5.0KHz,0,VK2RBK 2 NomTop Noumea Tops,0
114,146.72500,146.12500,0.6000,-RPT,FM,VK2RBL 2,OFF,100.0 Hz,023,1500 Hz,MID,OFF,5.0KHz,0,VK2RBL 2 Balran Balranald,0
115,146.77500,146.17500,0.6000,-RPT,FM,VK2RBR 2,OFF,100.0 Hz,023,1500 Hz,MID,OFF,5.0KHz,0,VK2RBR 2 Tabulm Tabulam,0
116,146.80000,146.20000,0.6000,-RPT,FM,VK2RCC 2,OFF,100.0 Hz,023,1500 Hz,MID,OFF,5.0KHz,0,VK2RCC 2 NeedlMn Needle Mtn,0
117,146.72500,146.12500,0.6000,-RPT,FM,VK2RCD 2,OFF,100.0 Hz,023,1500 Hz,MID,OFF,5.0KHz,0,VK2RCD 2 BurroH Burroway Hill,0
118,147.20000,147.80000,0.6000,+RPT,FM,VK2RCW 2,OFF,100.0 Hz,023,1500 Hz,MID,OFF,5.0KHz,0,VK2RCW 2 Lindsy Mt Lindsay,0
119,146.65000,146.05000,0.6000,-RPT,FM,VK2RDX 2,OFF,100.0 Hz,023,1500 Hz,MID,OFF,5.0KHz,0,VK2RDX 2 Bindo Mt Bindo,0
120,146.82500,146.22500,0.6000,-RPT,FM,VK2RGA 2,TONE SQL,91.5 Hz,023,1500 Hz,MID,OFF,5.0KHz,0,VK2RGA 2 Galore Mt Galore,0
121,146.85000,146.25000,0.6000,-RPT,FM,VK2RGF 2,TONE SQL,91.5 Hz,023,1500 Hz,MID,OFF,5.0KHz,0,VK2RGF 2 SqrNob Mt Square Knob,0
122,146.62500,146.02500,0.6000,-RPT,FM,VK2RGN 2,OFF,100.0 Hz,023,1500 Hz,MID,OFF,5.0KHz,0,VK2RGN 2 MtGray Mt Gray,0
123,146.67500,146.07500,0.6000,-RPT,FM,VK2RLH 2,OFF,100.0 Hz,023,1500 Hz,MID,OFF,5.0KHz,0,VK2RLH 2 SBark Stringybark Hill,0
124,146.87500,146.27500,0.6000,-RPT,FM,VK2RLJ 2,OFF,100.0 Hz,023,1500 Hz,MID,OFF,5.0KHz,0,VK2RLJ 2 Prishr Back Perisher Mtn,0
125,146.65000,146.05000,0.6000,-RPT,FM,VK2RMI 2,OFF,100.0 Hz,023,1500 Hz,MID,OFF,5.0KHz,0,VK2RMI 2 THiHi Terry Hie Hie,0
126,147.37500,147.97500,0.6000,+RPT,FM,VK2RMM 2,TONE SQL,123.0 Hz,023,1500 Hz,MID,OFF,5.0KHz,0,VK2RMM 2 McKen Mt MacKenzie,0
127,146.85000,146.25000,0.6000,-RPT,FM,VK2RMO 2,OFF,100.0 Hz,023,1500 Hz,MID,OFF,5.0KHz,0,VK2RMO 2 Baldwn Mt Baldwin,0
128,146.95000,146.35000,0.6000,-RPT,FM,VK2RNE 2,OFF,100.0 Hz,023,1500 Hz,MID,OFF,5.0KHz,0,VK2RNE 2 Rumbee Mt Rumbee,0
129,146.62500,146.02500,0.6000,-RPT,FM,VK2RNW 2,OFF,100.0 Hz,023,1500 Hz,MID,OFF,5.0KHz,0,VK2RNW 2 Kaput Mt Kaputar,0
130,146.90000,146.30000,0.6000,-RPT,FM,VK2RRT 2,OFF,100.0 Hz,023,1500 Hz,MID,OFF,5.0KHz,0,VK2RRT 2 Boona Boona Mtn,0
131,147.02500,147.62500,0.6000,+RPT,FM,VK2RSM 2,OFF,100.0 Hz,023,1500 Hz,MID,OFF,5.0KHz,0,VK2RSM 2 TableT Tabletop,0
132,146.80000,146.20000,0.6000,-RPT,FM,VK2RTD 2,TONE SQL,91.5 Hz,023,1500 Hz,MID,OFF,5.0KHz,0,VK2RTD 2 Kendal Mt Kendall,0
133,146.75000,146.15000,0.6000,-RPT,FM,VK2RTM 2,OFF,100.0 Hz,023,1500 Hz,MID,OFF,5.0KHz,0,VK2RTM 2 - Mt Crawney,0
134,147.20000,147.80000,0.6000,+RPT,FM,VK2RWB 2,TONE SQL,123.0 Hz,023,1500 Hz,MID,OFF,5.0KHz,0,VK2RWB 2 GwynH Gwynne Hill,0
135,146.75000,146.15000,0.6000,-RPT,FM,VK2RWG 2,TONE SQL,91.5 Hz,023,1500 Hz,MID,OFF,5.0KHz,0,VK2RWG 2 WOF Wheel of Fortune,0
136,147.10000,147.70000,0.6000,+RPT,FM,VK2RWM 2,OFF,100.0 Hz,023,1500 Hz,MID,OFF,5.0KHz,0,VK2RWM 2 Warrad Mt Warraderry,0
137,147.22500,147.82500,0.6000,+RPT,FM,VK2RYL 2,OFF,100.0 Hz,023,1500 Hz,MID,OFF,5.0KHz,0,VK2RYL 2 BaldM Bald Mtn,0
138,146.87500,146.27500,0.6000,-RPT,FM,VK2RZL 2,TONE SQL,123.0 Hz,023,1500 Hz,MID,OFF,5.0KHz,0,VK2RZL 2 Muswel Mt Arthur,0
139,439.95000,434.95000,5.0000,-RPT,FM,VK1RBM 7,TONE SQL,91.5 Hz,023,1500 Hz,MID,OFF,5.0KHz,0,VK1RBM 7 Issacs Isaacs Ridge,0
140,438.05000,433.05000,5.0000,-RPT,FM,VK1RGI 7,TONE SQL,91.5 Hz,023,1500 Hz,MID,OFF,5.0KHz,0,VK1RGI 7 Ginini Mt Ginini,0
141,438.47500,433.47500,5.0000,-RPT,FM,VK2RAB 7,OFF,100.0 Hz,023,1500 Hz,MID,OFF,5.0KHz,0,VK2RAB 7 MtCraw Mt Crawney,0
142,438.65000,433.65000,5.0000,-RPT,FM,VK2RAD 7,OFF,100.0 Hz,023,1500 Hz,MID,OFF,5.0KHz,0,VK2RAD 7 SHill South Hill,0
143,438.72500,433.72500,5.0000,-RPT,FM,VK2RAO 7,OFF,100.0 Hz,023,1500 Hz,MID,OFF,5.0KHz,0,VK2RAO 7 Cbolas Mt Canobolas,0
144,438.57500,433.57500,5.0000,-RPT,FM,VK2RAY 7,OFF,100.0 Hz,023,1500 Hz,MID,OFF,5.0KHz,0,VK2RAY 7 Albury Albury,0
145,439.90000,434.90000,5.0000,-RPT,FM,VK2RBK 7,OFF,100.0 Hz,023,1500 Hz,MID,OFF,5.0KHz,0,VK2RBK 7 NomTop Noumea Tops,0
146,439.30000,434.30000,5.0000,-RPT,FM,VK2RCW 7,OFF,100.0 Hz,023,1500 Hz,MID,OFF,5.0KHz,0,VK2RCW 7 Lindsy Mt Lindsay,0
147,439.95000,434.95000,5.0000,-RPT,FM,VK2RDD 7,OFF,100.0 Hz,023,1500 Hz,MID,OFF,5.0KHz,0,VK2RDD 7 - Burroway Hill,0
148,438.32500,433.32500,5.0000,-RPT,FM,VK2RGN 7,OFF,100.0 Hz,023,1500 Hz,MID,OFF,5.0KHz,0,VK2RGN 7 MtGray Mt Gray,0
149,438.62500,433.62500,5.0000,-RPT,FM,VK2RGNA7,OFF,100.0 Hz,023,1500 Hz,MID,OFF,5.0KHz,0,VK2RGNA7 - Goulburn,0
150,439.95000,434.95000,5.0000,-RPT,FM,VK2RGNB7,OFF,100.0 Hz,023,1500 Hz,MID,OFF,5.0KHz,0,VK2RGNB7 MtGray Mt Gray,0
151,439.85000,434.85000,5.0000,-RPT,FM,VK2RLH 7,OFF,100.0 Hz,023,1500 Hz,MID,OFF,5.0KHz,0,VK2RLH 7 - Newbridge,0
152,438.45000,433.45000,5.0000,-RPT,FM,VK2RLJ 7,OFF,100.0 Hz,023,1500 Hz,MID,OFF,5.0KHz,0,VK2RLJ 7 Prishr Back Perisher Mtn,0
153,438.57500,433.57500,5.0000,-RPT,FM,VK2RNW 7,OFF,100.0 Hz,023,1500 Hz,MID,OFF,5.0KHz,0,VK2RNW 7 Kaput Mt Kaputar,0
154,439.90000,434.90000,5.0000,-RPT,FM,VK2RSM 7,OFF,100.0 Hz,023,1500 Hz,MID,OFF,5.0KHz,0,VK2RSM 7 TableT Tabletop,0
155,438.02500,433.02500,5.0000,-RPT,FM,VK2RTW 7,TONE SQL,91.5 Hz,023,1500 Hz,MID,OFF,5.0KHz,0,VK2RTW 7 - Willans Hill,0
156,439.80000,434.80000,5.0000,-RPT,FM,VK2RTWA7,TONE SQL,91.5 Hz,023,1500 Hz,MID,OFF,5.0KHz,0,VK2RTWA7 - Wagga Wagga,0
157,439.65000,434.65000,5.0000,-RPT,FM,VK2RWB 7,TONE SQL,123.0 Hz,023,1500 Hz,MID,OFF,5.0KHz,0,VK2RWB 7 GwynH Gwynne Hill,0
158,438.32500,433.32500,5.0000,-RPT,FM,VK2RWM 7,OFF,100.0 Hz,023,1500 Hz,MID,OFF,5.0KHz,0,VK2RWM 7 Warrad Mt Warraderry,0
159,146.82500,146.22500,0.6000,-RPT,FM,VK3RAJ 2,TONE SQL,94.8 Hz,023,1500 Hz,MID,OFF,5.0KHz,0,VK3RAJ 2 Upwey Upwey,0
160,147.07500,147.67500,0.6000,+RPT,FM,VK3RCR 2,OFF,100.0 Hz,023,1500 Hz,MID,OFF,5.0KHz,0,VK3RCR 2 Dande Mt Dandenong,0
161,147.17500,147.77500,0.6000,+RPT,FM,VK3REC 2,OFF,100.0 Hz,023,1500 Hz,MID,OFF,5.0KHz,0,VK3REC 2 Olind1 Olinda,0
162,147.42500,147.42500,0.0000,+RPT,FM,VK3RFY 2,TONE SQL,91.5 Hz,023,1500 Hz,MID,OFF,5.0KHz,0,VK3RFY 2 Hillsd Hillside,0
163,147.12500,147.72500,0.6000,+RPT,FM,VK3RGC 2,TONE SQL,91.5 Hz,023,1500 Hz,MID,OFF,5.0KHz,0,VK3RGC 2 MoPell Montpellier,0
164,147.00000,146.40000,0.6000,-RPT,FM,VK3RGL 2,TONE SQL,91.5 Hz,023,1500 Hz,MID,OFF,5.0KHz,0,VK3RGL 2 Anakie Mt Anakie,0
165,147.32500,147.92500,0.6000,+RPT,FM,VK3RMC 2,OFF,100.0 Hz,023,1500 Hz,MID,OFF,5.0KHz,0,VK3RMC 2 NarWar Narre Warren Nth,0
166,146.70000,146.10000,0.6000,-RPT,FM,VK3RML 2,TONE SQL,91.5 Hz,023,1500 Hz,MID,OFF,5.0KHz,0,VK3RML 2 FernyC Ferny Creek,0
167,147.25000,147.85000,0.6000,+RPT,FM,VK3RMM 2,OFF,100.0 Hz,023,1500 Hz,MID,OFF,5.0KHz,0,VK3RMM 2 Macdon Mt Macedon,0
168,146.85000,146.25000,0.6000,-RPT,FM,VK3RMN 2,TONE SQL,91.5 Hz,023,1500 Hz,MID,OFF,5.0KHz,0,VK3RMN 2 KLake Kinglake,0
169,147.35000,147.95000,0.6000,+RPT,FM,VK3RMS 2,OFF,100.0 Hz,023,1500 Hz,MID,OFF,5.0KHz,0,VK3RMS 2 Olind2 Olinda,0
170,147.37500,147.97500,0.6000,+RPT,FM,VK3RMU 2,TONE SQL,91.5 Hz,023,1500 Hz,MID,OFF,5.0KHz,0,VK3RMU 2 StLeo Mt St Leonard,0
171,147.20000,147.80000,0.6000,+RPT,FM,VK3RPS 2,TONE SQL,91.5 Hz,023,1500 Hz,MID,OFF,5.0KHz,0,VK3RPS 2 Cotrel Mt Cottrell,0
172,146.97500,146.37500,0.6000,-RPT,FM,VK3RRC 2,OFF,100.0 Hz,023,1500 Hz,MID,OFF,5.0KHz,0,VK3RRC 2 RdlsCk Riddells Creek,0
173,146.67500,146.07500,0.6000,-RPT,FM,VK3RSP 2,OFF,100.0 Hz,023,1500 Hz,MID,OFF,5.0KHz,0,VK3RSP 2 MtMtha Mt Martha,0
174,146.72500,146.12500,0.6000,-RPT,FM,VK3RYV 2,OFF,100.0 Hz,023,1500 Hz,MID,OFF,5.0KHz,0,VK3RYV 2 Briart Briarty Hill,0
175,438.52500,433.52500,5.0000,-RPT,FM,VK3RAD 7,TONE SQL,123.0 Hz,023,1500 Hz,MID,OFF,5.0KHz,0,VK3RAD 7 - Mitcham,0
176,439.75000,434.75000,5.0000,-RPT,FM,VK3RAJ 7,TONE SQL,91.5 Hz,023,1500 Hz,MID,OFF,5.0KHz,0,VK3RAJ 7 Upwey Upwey,0
177,438.70000,433.70000,5.0000,-RPT,FM,VK3RBM 7,TONE SQL,91.5 Hz,023,1500 Hz,MID,OFF,5.0KHz,0,VK3RBM 7 - Bacchus Marsh,0
178,438.45000,433.45000,5.0000,-RPT,FM,VK3RBW 7,TONE SQL,91.5 Hz,023,1500 Hz,MID,OFF,5.0KHz,0,VK3RBW 7 - Mt Gisborne,0
179,439.62500,434.62500,5.0000,-RPT,FM,VK3RBY 7,TONE SQL,88.5 Hz,023,1500 Hz,MID,OFF,5.0KHz,0,VK3RBY 7 - Bayswater,0
180,438.02500,433.02500,5.0000,-RPT,FM,VK3RCC 7,TONE SQL,91.5 Hz,023,1500 Hz,MID,OFF,5.0KHz,0,VK3RCC 7 - Melbourne City,0
181,439.60000,434.60000,5.0000,-RPT,FM,VK3RDX 7,TONE SQL,91.5 Hz,023,1500 Hz,MID,OFF,5.0KHz,0,VK3RDX 7 - Mt Waverley,0
182,438.40000,433.40000,5.0000,-RPT,FM,VK3RFY 7,TONE SQL,91.5 Hz,023,1500 Hz,MID,OFF,5.0KHz,0,VK3RFY 7 Hillsd Hillside,0
183,439.57500,434.57500,5.0000,-RPT,FM,VK3RGC 7,TONE SQL,91.5 Hz,023,1500 Hz,MID,OFF,5.0KHz,0,VK3RGC 7 MoPell Montpellier,0
184,439.50000,434.50000,5.0000,-RPT,FM,VK3RGL 7,TONE SQL,91.5 Hz,023,1500 Hz,MID,OFF,5.0KHz,0,VK3RGL 7 Anakie Mt Anakie,0
185,438.50000,433.50000,5.0000,-RPT,FM,VK3RGW 7,TONE SQL,91.5 Hz,023,1500 Hz,MID,OFF,5.0KHz,0,VK3RGW 7 - Grovedale,0
186,438.75000,433.75000,5.0000,-RPT,FM,VK3RHF 7,TONE SQL,88.5 Hz,023,1500 Hz,MID,OFF,5.0KHz,0,VK3RHF 7 - Olinda,0
187,438.15000,433.15000,5.0000,-RPT,FM,VK3RIR 7,TONE SQL,91.5 Hz,023,1500 Hz,MID,OFF,5.0KHz,0,VK3RIR 7 - Bendigo,0
188,439.47500,434.47500,5.0000,-RPT,FM,VK3RLP 7,TONE SQL,91.5 Hz,023,1500 Hz,MID,OFF,5.0KHz,0,VK3RLP 7 Cborn Cranbourne,0
189,439.37500,434.37500,5.0000,-RPT,FM,VK3RMC 7,OFF,100.0 Hz,023,1500 Hz,MID,OFF,5.0KHz,0,VK3RMC 7 - Berwick,0
190,439.87500,434.87500,5.0000,-RPT,FM,VK3RMCA7,OFF,100.0 Hz,023,1500 Hz,MID,OFF,5.0KHz,0,VK3RMCA7 - Narre Warren North,0
191,438.32500,433.32500,5.0000,-RPT,FM,VK3RMH 7,OFF,100.0 Hz,023,1500 Hz,MID,OFF,5.0KHz,0,VK3RMH 7 WatlGn Wattle Glen,0
192,439.82500,434.82500,5.0000,-RPT,FM,VK3RMM 7,TONE SQL,91.5 Hz,023,1500 Hz,MID,OFF,5.0KHz,0,VK3RMM 7 Macdon Mt Macedon,0
193,439.45000,434.45000,5.0000,-RPT,FM,VK3RMN 7,TONE SQL,91.5 Hz,023,1500 Hz,MID,OFF,5.0KHz,0,VK3RMN 7 KLake Kinglake,0
194,438.22500,433.22500,5.0000,-RPT,FM,VK3RMS 7,TONE SQL,91.5 Hz,023,1500 Hz,MID,OFF,5.0KHz,0,VK3RMS 7 Olind2 Olinda,0
195,439.80000,434.80000,5.0000,-RPT,FM,VK3RMU 7,OFF,100.0 Hz,023,1500 Hz,MID,OFF,5.0KHz,0,VK3RMU 7 StLeo Mt St Leonard,0
196,438.65000,433.65000,5.0000,-RPT,FM,VK3RNP 7,TONE SQL,91.5 Hz,023,1500 Hz,MID,OFF,5.0KHz,0,VK3RNP 7 GoldnP Bannockburn,0
197,439.72500,434.72500,5.0000,-RPT,FM,VK3RPS 7,TONE SQL,91.5 Hz,023,1500 Hz,MID,OFF,5.0KHz,0,VK3RPS 7 Cotrel Mt Cottrell,0
198,439.52500,434.52500,5.0000,-RPT,FM,VK3RPT 7,TONE SQL,91.5 Hz,023,1500 Hz,MID,OFF,5.0KHz,0,VK3RPT 7 - Pretty Sally,0
199,439.85000,434.85000,5.0000,-RPT,FM,VK3RPU 7,TONE SQL,91.5 Hz,023,1500 Hz,MID,OFF,5.0KHz,0,VK3RPU 7 - Arthur's Seat,0
200,439.70000,434.70000,5.0000,-RPT,FM,VK3RRC 7,OFF,100.0 Hz,023,1500 Hz,MID,OFF,5.0KHz,0,VK3RRC 7 RdlsCk Riddells Creek,0
201,439.65000,434.65000,5.0000,-RPT,FM,VK3RSA 7,TONE SQL,91.5 Hz,023,1500 Hz,MID,OFF,5.0KHz,0,VK3RSA 7 - Emerald,0
202,439.55000,434.55000,5.0000,-RPT,FM,VK3RSB 7,TONE SQL,91.5 Hz,023,1500 Hz,MID,OFF,5.0KHz,0,VK3RSB 7 - Mt St Leonard,0
203,439.90000,434.90000,5.0000,-RPT,FM,VK3RSE 7,OFF,100.0 Hz,023,1500 Hz,MID,OFF,5.0KHz,0,VK3RSE 7 - Glen Waverley,0
204,439.42500,434.42500,5.0000,-RPT,FM,VK3RSV 7,TONE SQL,91.5 Hz,023,1500 Hz,MID,OFF,5.0KHz,0,VK3RSV 7 - Noble Park,0
205,439.30000,434.30000,5.0000,-RPT,FM,VK3RYV 7,OFF,100.0 Hz,023,1500 Hz,MID,OFF,5.0KHz,0,VK3RYV 7 Briart Briarty Hill,0
206,439.60000,434.60000,5.0000,-RPT,FM,VK3RDX 4,TONE SQL,91.5 Hz,023,1500 Hz,MID,OFF,5.0KHz,0,VK3RDX 4 - Mt Waverley,0
207,438.40000,433.40000,5.0000,-RPT,FM,VK3RFY 4,TONE SQL,91.5 Hz,023,1500 Hz,MID,OFF,5.0KHz,0,VK3RFY 4 Hillsd Hillside,0
208,438.50000,433.50000,5.0000,-RPT,FM,VK3RGW 4,TONE SQL,91.5 Hz,023,1500 Hz,MID,OFF,5.0KHz,0,VK3RGW 4 - Grovedale,0
209,146.77500,146.17500,0.6000,-RPT,FM,VK3RAG 2,TONE SQL,123.0 Hz,023,1500 Hz,MID,OFF,5.0KHz,0,VK3RAG 2 Renies Rennies Hill,0
210,146.75000,146.15000,0.6000,-RPT,FM,VK3RBA 2,TONE SQL,91.5 Hz,023,1500 Hz,MID,OFF,5.0KHz,0,VK3RBA 2 Bunyng Mt Buninyong,0
211,147.20000,147.80000,0.6000,+RPT,FM,VK3RBQ 2,OFF,100.0 Hz,023,1500 Hz,MID,OFF,5.0KHz,0,VK3RBQ 2 Dimbol Dimboola,0
212,146.65000,146.05000,0.6000,-RPT,FM,VK3RBT 2,TONE SQL,91.5 Hz,023,1500 Hz,MID,OFF,5.0KHz,0,VK3RBT 2 GreenH Green Hill,0
213,146.67500,146.07500,0.6000,-RPT,FM,VK3RCA 2,OFF,100.0 Hz,023,1500 Hz,MID,OFF,5.0KHz,0,VK3RCA 2 Torumb Torrumbarry,0
214,147.15000,147.75000,0.6000,+RPT,FM,VK3RCV 2,OFF,100.0 Hz,023,1500 Hz,MID,OFF,5.0KHz,0,VK3RCV 2 Alex Mt Alexander,0
215,147.12500,147.72500,0.6000,+RPT,FM,VK3RDG 2,OFF,100.0 Hz,023,1500 Hz,MID,OFF,5.0KHz,0,VK3RDG 2 Delegt Mt Delegate,0
216,146.85000,146.25000,0.6000,-RPT,FM,VK3RDU 2,OFF,100.0 Hz,023,1500 Hz,MID,OFF,5.0KHz,0,VK3RDU 2 Major Mt Major,0
217,146.90000,146.30000,0.6000,-RPT,FM,VK3REB 2,OFF,100.0 Hz,023,1500 Hz,MID,OFF,5.0KHz,0,VK3REB 2 MntNow Mt Nowa Nowa,0
218,146.65000,146.05000,0.6000,-RPT,FM,VK3REG 2,OFF,100.0 Hz,023,1500 Hz,MID,OFF,5.0KHz,0,VK3REG 2 MntCan Mt Cann,0
219,147.15000,147.75000,0.6000,+RPT,FM,VK3REM 2,OFF,100.0 Hz,023,1500 Hz,MID,OFF,5.0KHz,0,VK3REM 2 MarHil Maramingo Hill,0
220,146.87500,146.27500,0.6000,-RPT,FM,VK3RGH 2,TONE SQL,91.5 Hz,023,1500 Hz,MID,OFF,5.0KHz,0,VK3RGH 2 GreenH Green Hill,0
221,147.02500,147.62500,0.6000,+RPT,FM,VK3RGS 2,TONE SQL,123.0 Hz,023,1500 Hz,MID,OFF,5.0KHz,0,VK3RGS 2 - Mt Fatigue,0
222,146.65000,146.05000,0.6000,-RPT,FM,VK3RGV 2,TONE SQL,123.0 Hz,023,1500 Hz,MID,OFF,5.0KHz,0,VK3RGV 2 Wombat Mt Wombat,0
223,147.05000,147.65000,0.6000,+RPT,FM,VK3RHO 2,OFF,100.0 Hz,023,1500 Hz,MID,OFF,5.0KHz,0,VK3RHO 2 Hotham Mt Hotham,0
224,146.80000,146.20000,0.6000,-RPT,FM,VK3RLV 2,OFF,100.0 Hz,023,1500 Hz,MID,OFF,5.0KHz,0,VK3RLV 2 Tassie Mt Tassie,0
225,146.80000,146.20000,0.6000,-RPT,FM,VK3RMA 2,OFF,100.0 Hz,023,1500 Hz,MID,OFF,5.0KHz,0,VK3RMA 2 Mildra Mildura city,0
226,147.02500,147.62500,0.6000,+RPT,FM,VK3RMK 2,OFF,100.0 Hz,023,1500 Hz,MID,OFF,5.0KHz,0,VK3RMK 2 Kerang Mt Kerang,0
227,147.27500,147.87500,0.6000,+RPT,FM,VK3RMP 2,TONE SQL,91.5 Hz,023,1500 Hz,MID,OFF,5.0KHz,0,VK3RMP 2 Caveat Caveat,0
228,147.00000,146.40000,0.6000,-RPT,FM,VK3RNE 2,OFF,100.0 Hz,023,1500 Hz,MID,OFF,5.0KHz,0,VK3RNE 2 BigBen Mt Big Ben,0
229,146.70000,146.10000,0.6000,-RPT,FM,VK3RON 2,OFF,100.0 Hz,023,1500 Hz,MID,OFF,5.0KHz,0,VK3RON 2 Ouyen Ouyen,0
230,147.27500,147.87500,0.6000,+RPT,FM,VK3ROW 2,TONE SQL,91.5 Hz,023,1500 Hz,MID,OFF,5.0KHz,0,VK3ROW 2 BeechF Beech Forest,0
231,147.10000,147.70000,0.6000,+RPT,FM,VK3RPB 2,OFF,100.0 Hz,023,1500 Hz,MID,OFF,5.0KHz,0,VK3RPB 2 Bright Mt Porepunkah,0
232,146.82500,146.22500,0.6000,-RPT,FM,VK3RPL 2,TONE SQL,91.5 Hz,023,1500 Hz,MID,OFF,5.0KHz,0,VK3RPL 2 Portld Portland,0
233,147.10000,147.70000,0.6000,+RPT,FM,VK3RSG 2,OFF,100.0 Hz,023,1500 Hz,MID,OFF,5.0KHz,0,VK3RSG 2 BassH Bass Hill,0
234,146.90000,146.30000,0.6000,-RPT,FM,VK3RSH 2,OFF,100.0 Hz,023,1500 Hz,MID,OFF,5.0KHz,0,VK3RSH 2 SwanHl Swan Hill,0
235,147.05000,147.65000,0.6000,+RPT,FM,VK3RVL 2,OFF,100.0 Hz,023,1500 Hz,MID,OFF,5.0KHz,0,VK3RVL 2 RobinV Robinvale,0
236,147.10000,147.70000,0.6000,+RPT,FM,VK3RWA 2,TONE SQL,91.5 Hz,023,1500 Hz,MID,OFF,5.0KHz,0,VK3RWA 2 BenNev Ben Nevis,0
237,147.22500,147.82500,0.6000,+RPT,FM,VK3RWG 2,OFF,100.0 Hz,023,1500 Hz,MID,OFF,5.0KHz,0,VK3RWG 2 BawSq Mt Baw Baw,0
238,147.05000,147.65000,0.6000,+RPT,FM,VK3RWL 2,OFF,100.0 Hz,023,1500 Hz,MID,OFF,5.0KHz,0,VK3RWL 2 Warnum Mt Warrnambool,0
239,146.85000,146.25000,0.6000,-RPT,FM,VK3RWM 2,OFF,100.0 Hz,023,1500 Hz,MID,OFF,5.0KHz,0,VK3RWM 2 Arapls Mt Arapiles,0
240,146.95000,146.35000,0.6000,-RPT,FM,VK3RWZ 2,TONE SQL,91.5 Hz,023,1500 Hz,MID,OFF,5.0KHz,0,VK3RWZ 2 Wiliam Mt William,0
241,439.27500,434.27500,5.0000,-RPT,FM,VK3RBA 7,TONE SQL,91.5 Hz,023,1500 Hz,MID,OFF,5.0KHz,0,VK3RBA 7 Bunyng Mt Buninyong,0
242,439.82500,434.82500,5.0000,-RPT,FM,VK3RBL 7,OFF,100.0 Hz,023,1500 Hz,MID,OFF,5.0KHz,0,VK3RBL 7 - Bambill South,0
243,438.35000,433.35000,5.0000,-RPT,FM,VK3RBN 7,TONE SQL,91.5 Hz,023,1500 Hz,MID,OFF,5.0KHz,0,VK3RBN 7 - Burrumbeet,0
244,438.02500,433.02500,5.0000,-RPT,FM,VK3RBO 7,OFF,100.0 Hz,023,1500 Hz,MID,OFF,5.0KHz,0,VK3RBO 7 - Specimen Hill,0
245,439.70000,434.70000,5.0000,-RPT,FM,VK3RBP 7,TONE SQL,91.5 Hz,023,1500 Hz,MID,OFF,5.0KHz,0,VK3RBP 7 - Horsham,0
246,438.47500,433.47500,5.0000,-RPT,FM,VK3RBU 7,TONE SQL,91.5 Hz,023,1500 Hz,MID,OFF,5.0KHz,0,VK3RBU 7 - Mt Hollowback,0
247,438.02500,433.02500,5.0000,-RPT,FM,VK3RCP 7,OFF,100.0 Hz,023,1500 Hz,MID,OFF,5.0KHz,0,VK3RCP 7 - Ouyen,0
248,438.42500,433.42500,5.0000,-RPT,FM,VK3RCU 7,OFF,100.0 Hz,023,1500 Hz,MID,OFF,5.0KHz,0,VK3RCU 7 - Mt Moliagul,0
249,438.07500,433.07500,5.0000,-RPT,FM,VK3RDU 7,OFF,100.0 Hz,023,1500 Hz,MID,OFF,5.0KHz,0,VK3RDU 7 Major Mt Major,0
250,439.87500,434.87500,5.0000,-RPT,FM,VK3RDUA7,OFF,100.0 Hz,023,1500 Hz,MID,OFF,5.0KHz,0,VK3RDUA7 Major Mt Major,0
251,438.02500,433.02500,5.0000,-RPT,FM,VK3REG 7,OFF,100.0 Hz,023,1500 Hz,MID,OFF,5.0KHz,0,VK3REG 7 MntCan Mt Cann,0
252,439.32500,434.32500,5.0000,-RPT,FM,VK3RGH 7,TONE SQL,91.5 Hz,023,1500 Hz,MID,OFF,5.0KHz,0,VK3RGH 7 GreenH Green Hill,0
253,438.37500,433.37500,5.0000,-RPT,FM,VK3RGS 7,OFF,100.0 Hz,023,1500 Hz,MID,OFF,5.0KHz,0,VK3RGS 7 - Mt Fatigue,0
254,439.77500,434.77500,5.0000,-RPT,FM,VK3RGV 7,TONE SQL,123.0 Hz,023,1500 Hz,MID,OFF,5.0KHz,0,VK3RGV 7 Wombat Mt Wombat,0
255,438.37500,433.37500,5.0000,-RPT,FM,VK3RHO 7,OFF,100.0 Hz,023,1500 Hz,MID,OFF,5.0KHz,0,VK3RHO 7 Hotham Mt Hotham,0
256,438.12500,433.12500,5.0000,-RPT,FM,VK3RLE 7,OFF,100.0 Hz,023,1500 Hz,MID,OFF,5.0KHz,0,VK3RLE 7 - Paps,0
257,438.37500,433.37500,5.0000,-RPT,FM,VK3RLV 7,OFF,100.0 Hz,023,1500 Hz,MID,OFF,5.0KHz,0,VK3RLV 7 Tassie Mt Tassie,0
258,439.95000,434.95000,5.0000,-RPT,FM,VK3RMG 7,OFF,100.0 Hz,023,1500 Hz,MID,OFF,5.0KHz,0,VK3RMG 7 - Mt Broughton,0
259,439.35000,434.35000,5.0000,-RPT,FM,VK3RMP 7,TONE SQL,91.5 Hz,023,1500 Hz,MID,OFF,5.0KHz,0,VK3RMP 7 Caveat Caveat,0
260,439.42500,434.42500,5.0000,-RPT,FM,VK3RNE 7,OFF,100.0 Hz,023,1500 Hz,MID,OFF,5.0KHz,0,VK3RNE 7 BigBen Mt Big Ben,0
261,438.52500,433.52500,5.0000,-RPT,FM,VK3RNU 7,OFF,100.0 Hz,023,1500 Hz,MID,OFF,5.0KHz,0,VK3RNU 7 - Mt Stanley,0
262,439.95000,434.95000,5.0000,-RPT,FM,VK3RPL 7,TONE SQL,91.5 Hz,023,1500 Hz,MID,OFF,5.0KHz,0,VK3RPL 7 Portld Portland,0
263,438.52500,433.52500,5.0000,-RPT,FM,VK3RRU 7,OFF,100.0 Hz,023,1500 Hz,MID,OFF,5.0KHz,0,VK3RRU 7 - Merbein,0
264,439.52500,434.52500,5.0000,-RPT,FM,VK3RTU 7,OFF,100.0 Hz,023,1500 Hz,MID,OFF,5.0KHz,0,VK3RTU 7 MntTay Mt Taylor,0
265,438.17500,433.17500,5.0000,-RPT,FM,VK3RUG 7,OFF,100.0 Hz,023,1500 Hz,MID,OFF,5.0KHz,0,VK3RUG 7 - Devil's River,0
266,438.57500,433.57500,5.0000,-RPT,FM,VK3RWD 7,TONE SQL,91.5 Hz,023,1500 Hz,MID,OFF,5.0KHz,0,VK3RWD 7 - Drouin,0
267,438.37500,433.37500,5.0000,-RPT,FM,VK3RWG 7,OFF,100.0 Hz,023,1500 Hz,MID,OFF,5.0KHz,0,VK3RWG 7 BawSq Mt Baw Baw,0
268,439.87500,434.87500,5.0000,-RPT,FM,VK3RWL 7,OFF,100.0 Hz,023,1500 Hz,MID,OFF,5.0KHz,0,VK3RWL 7 Warnum Mt Warrnambool,0
269,438.67500,433.67500,5.0000,-RPT,FM,VK3RWU 7,TONE SQL,91.5 Hz,023,1500 Hz,MID,OFF,5.0KHz,0,VK3RWU 7 - Mt William,0
270,439.67500,434.67500,5.0000,-RPT,FM,VK3RZU 7,OFF,100.0 Hz,023,1500 Hz,MID,OFF,5.0KHz,0,VK3RZU 7 - Mt Buller,0
271,147.15000,147.75000,0.6000,+RPT,FM,VK4RAG 2,OFF,100.0 Hz,023,1500 Hz,MID,OFF,5.0KHz,0,VK4RAG 2 - Spring Hill,0
272,146.90000,146.30000,0.6000,-RPT,FM,VK4RAI 2,OFF,100.0 Hz,023,1500 Hz,MID,OFF,5.0KHz,0,VK4RAI 2 - The Knobby,0
273,147.07500,147.67500,0.6000,+RPT,FM,VK4RAX 2,OFF,100.0 Hz,023,1500 Hz,MID,OFF,5.0KHz,0,VK4RAX 2 - Mt Cotton,0
274,147.00000,146.40000,0.6000,-RPT,FM,VK4RBN 2,TONE SQL,91.5 Hz,023,1500 Hz,MID,OFF,5.0KHz,0,VK4RBN 2 - Mt Glorious,0
275,146.95000,146.35000,0.6000,-RPT,FM,VK4RBQ 2,TONE SQL,91.5 Hz,023,1500 Hz,MID,OFF,5.0KHz,0,VK4RBQ 2 - Mt Coot-tha,0
276,147.95000,147.35000,0.6000,-RPT,FM,VK4RBR 2,OFF,100.0 Hz,023,1500 Hz,MID,OFF,5.0KHz,0,VK4RBR 2 - Mt Gravatt,0
277,146.87500,146.27500,0.6000,-RPT,FM,VK4RBS 2,OFF,100.0 Hz,023,1500 Hz,MID,OFF,5.0KHz,0,VK4RBS 2 - Alexandra Hills,0
278,147.80000,147.20000,0.6000,-RPT,FM,VK4RBT 2,OFF,100.0 Hz,023,1500 Hz,MID,OFF,5.0KHz,0,VK4RBT 2 - Mt Tambourine,0
279,146.70000,146.10000,0.6000,-RPT,FM,VK4RGC 2,TONE SQL,123.0 Hz,023,1500 Hz,MID,OFF,5.0KHz,0,VK4RGC 2 - Springbrook,0
280,146.72500,146.12500,0.6000,-RPT,FM,VK4RKP 2,OFF,100.0 Hz,023,1500 Hz,MID,OFF,5.0KHz,0,VK4RKP 2 - Mt Crosby,0
281,147.62500,147.02500,0.6000,-RPT,FM,VK4RLB 2,OFF,100.0 Hz,023,1500 Hz,MID,OFF,5.0KHz,0,VK4RLB 2 - Woodridge,0
282,146.97500,146.37500,0.6000,-RPT,FM,VK4RLW 2,TONE SQL,91.5 Hz,023,1500 Hz,MID,OFF,5.0KHz,0,VK4RLW 2 - Spring Mtn,0
283,147.17500,147.77500,0.6000,+RPT,FM,VK4RWM 2,OFF,100.0 Hz,023,1500 Hz,MID,OFF,5.0KHz,0,VK4RWM 2 - North Ipswich,0
284,438.62500,433.62500,5.0000,-RPT,FM,VK4RAG 7,OFF,100.0 Hz,023,1500 Hz,MID,OFF,5.0KHz,0,VK4RAG 7 - Spring Hill,0
285,439.32500,434.32500,5.0000,-RPT,FM,VK4RAI 7,TONE SQL,91.5 Hz,023,1500 Hz,MID,OFF,5.0KHz,0,VK4RAI 7 - The Knobby,0
286,439.95000,434.95000,5.0000,-RPT,FM,VK4RBA 7,TONE SQL,123.0 Hz,023,1500 Hz,MID,OFF,5.0KHz,0,VK4RBA 7 - Sunnybank,0
287,439.30000,434.30000,5.0000,-RPT,FM,VK4RBQ 7,OFF,100.0 Hz,023,1500 Hz,MID,OFF,5.0KHz,0,VK4RBQ 7 - Mt Coot-Tha,0
288,438.27500,433.27500,5.0000,-RPT,FM,VK4RBR 7,OFF,100.0 Hz,023,1500 Hz,MID,OFF,5.0KHz,0,VK4RBR 7 - Mt Gravatt,0
289,439.72500,434.72500,5.0000,-RPT,FM,VK4RBS 7,TONE SQL,91.5 Hz,023,1500 Hz,MID,OFF,5.0KHz,0,VK4RBS 7 - Alexandra Hills,0
290,438.42500,433.42500,5.0000,-RPT,FM,VK4RBX 7,TONE SQL,123.0 Hz,023,1500 Hz,MID,OFF,5.0KHz,0,VK4RBX 7 - The Knobby,0
291,438.60000,433.60000,5.0000,-RPT,FM,VK4RGC 7,TONE SQL,123.0 Hz,023,1500 Hz,MID,OFF,5.0KHz,0,VK4RGC 7 - Springbrook,0
292,438.75000,433.75000,5.0000,-RPT,FM,VK4RLB 7,OFF,100.0 Hz,023,1500 Hz,MID,OFF,5.0KHz,0,VK4RLB 7 - Woodridge,0
293,438.50000,433.50000,5.0000,-RPT,FM,VK4RLW 7,TONE SQL,91.5 Hz,023,1500 Hz,MID,OFF,5.0KHz,0,VK4RLW 7 - Spring Mtn,0
294,439.30000,434.30000,5.0000,-RPT,FM,VK4RSM 7,TONE SQL,91.5 Hz,023,1500 Hz,MID,OFF,5.0KHz,0,VK4RSM 7 - Spring Mtn,0
295,438.37500,433.37500,5.0000,-RPT,FM,VK4RWM 7,TONE SQL,91.5 Hz,023,1500 Hz,MID,OFF,5.0KHz,0,VK4RWM 7 - North Ipswich,0
296,439.92500,434.92500,5.0000,-RPT,FM,VK4RWMA7,TONE SQL,91.5 Hz,023,1500 Hz,MID,OFF,5.0KHz,0,VK4RWMA7 - North Ipswich,0
297,438.10000,433.10000,5.0000,-RPT,FM,VK4RZA 7,TONE SQL,91.5 Hz,023,1500 Hz,MID,OFF,5.0KHz,0,VK4RZA 7 - Springbrook,0
298,438.20000,433.20000,5.0000,-RPT,FM,VK4RZB 7,TONE SQL,91.5 Hz,023,1500 Hz,MID,OFF,5.0KHz,0,VK4RZB 7 - Mt Coot-tha,0
299,146.70000,146.10000,0.6000,-RPT,FM,VK4RAR 2,TONE SQL,91.5 Hz,023,1500 Hz,MID,OFF,5.0KHz,0,VK4RAR 2 - Mt Archer,0
300,146.87500,146.27500,0.6000,-RPT,FM,VK4RAS 2,OFF,100.0 Hz,023,1500 Hz,MID,OFF,5.0KHz,0,VK4RAS 2 - Carborough Range,0
301,146.70000,146.10000,0.6000,-RPT,FM,VK4RAT 2,OFF,100.0 Hz,023,1500 Hz,MID,OFF,5.0KHz,0,VK4RAT 2 - Mt Stuart,0
302,146.95000,146.35000,0.6000,-RPT,FM,VK4RBD 2,TONE SQL,91.5 Hz,023,1500 Hz,MID,OFF,5.0KHz,0,VK4RBD 2 - Blackdown Tableland,0
303,147.80000,147.20000,0.6000,-RPT,FM,VK4RBG 2,OFF,100.0 Hz,023,1500 Hz,MID,OFF,5.0KHz,0,VK4RBG 2 - The Hummock,0
304,146.77500,146.17500,0.6000,-RPT,FM,VK4RBM 2,TONE SQL,91.5 Hz,023,1500 Hz,MID,OFF,5.0KHz,0,VK4RBM 2 - Blue Mtn,0
305,147.10000,147.70000,0.6000,+RPT,FM,VK4RBP 2,OFF,100.0 Hz,023,1500 Hz,MID,OFF,5.0KHz,0,VK4RBP 2 - Butchers Creek,0
306,146.80000,146.20000,0.6000,-RPT,FM,VK4RBU 2,OFF,100.0 Hz,023,1500 Hz,MID,OFF,5.0KHz,0,VK4RBU 2 MtGoon Mt Goonaneman,0
307,146.95000,146.35000,0.6000,-RPT,FM,VK4RCA 2,OFF,100.0 Hz,023,1500 Hz,MID,OFF,5.0KHz,0,VK4RCA 2 - Mt Haren,0
308,146.62500,146.02500,0.6000,-RPT,FM,VK4RCC 2,OFF,100.0 Hz,023,1500 Hz,MID,OFF,5.0KHz,0,VK4RCC 2 - Caboolture,0
309,146.72500,146.12500,0.6000,-RPT,FM,VK4RCM 2,TONE SQL,91.5 Hz,023,1500 Hz,MID,OFF,5.0KHz,0,VK4RCM 2 GymSth Mt Boulder,0
310,147.00000,146.40000,0.6000,-RPT,FM,VK4RCQ 2,OFF,100.0 Hz,023,1500 Hz,MID,OFF,5.0KHz,0,VK4RCQ 2 - Banana Range,0
311,146.82500,146.22500,0.6000,-RPT,FM,VK4RCR 2,OFF,100.0 Hz,023,1500 Hz,MID,OFF,5.0KHz,0,VK4RCR 2 - Braeside,0
312,146.75000,146.15000,0.6000,-RPT,FM,VK4RDD 2,OFF,100.0 Hz,023,1500 Hz,MID,OFF,5.0KHz,0,VK4RDD 2 - O'Rourke's House,0
313,147.25000,147.85000,0.6000,+RPT,FM,VK4RED 2,OFF,100.0 Hz,023,1500 Hz,MID,OFF,5.0KHz,0,VK4RED 2 - Dalby,0
314,146.95000,146.35000,0.6000,-RPT,FM,VK4REG 2,TONE SQL,91.5 Hz,023,1500 Hz,MID,OFF,5.0KHz,0,VK4REG 2 - Mt Mowbullan,0
315,147.07500,147.67500,0.6000,+RPT,FM,VK4REP 2,OFF,100.0 Hz,023,1500 Hz,MID,OFF,5.0KHz,0,VK4REP 2 - Middlemount,0
316,146.67500,146.07500,0.6000,-RPT,FM,VK4RET 2,TONE SQL,91.5 Hz,023,1500 Hz,MID,OFF,5.0KHz,0,VK4RET 2 - Mt Kiangarow,0
317,146.90000,146.30000,0.6000,-RPT,FM,VK4RGA 2,TONE SQL,91.5 Hz,023,1500 Hz,MID,OFF,5.0KHz,0,VK4RGA 2 - Kroombit Tops,0
318,147.37500,147.97500,0.6000,+RPT,FM,VK4RGAA2,TONE SQL,91.5 Hz,023,1500 Hz,MID,OFF,5.0KHz,0,VK4RGAA2 - Kroombit Tops,0
319,146.62500,146.02500,0.6000,-RPT,FM,VK4RGT 2,TONE SQL,91.5 Hz,023,1500 Hz,MID,OFF,5.0KHz,0,VK4RGT 2 - Maurice Hill,0
320,146.77500,146.17500,0.6000,-RPT,FM,VK4RGY 2,OFF,100.0 Hz,023,1500 Hz,MID,OFF,5.0KHz,0,VK4RGY 2 Gympie Gympie,0
321,146.65000,146.05000,0.6000,-RPT,FM,VK4RHB 2,OFF,100.0 Hz,023,1500 Hz,MID,OFF,5.0KHz,0,VK4RHB 2 - Ghost Hill,0
322,146.92500,146.32500,0.6000,-RPT,FM,VK4RHR 2,OFF,100.0 Hz,023,1500 Hz,MID,OFF,5.0KHz,0,VK4RHR 2 - Hodgson Range,0
323,146.67500,146.07500,0.6000,-RPT,FM,VK4RHT 2,OFF,100.0 Hz,023,1500 Hz,MID,OFF,5.0KHz,0,VK4RHT 2 - Hann Tableland,0
324,145.62500,145.62500,0.0000,+RPT,FM,VK4RKC 2,OFF,100.0 Hz,023,1500 Hz,MID,OFF,5.0KHz,0,VK4RKC 2 - Oceanview,0
325,147.90000,147.30000,0.6000,-RPT,FM,VK4RKCA2,OFF,100.0 Hz,023,1500 Hz,MID,OFF,5.0KHz,0,VK4RKCA2 - Oceanview,0
326,146.70000,146.10000,0.6000,-RPT,FM,VK4RMI 2,OFF,100.0 Hz,023,1500 Hz,MID,OFF,5.0KHz,0,VK4RMI 2 - Four Mile Hill,0
327,147.00000,146.40000,0.6000,-RPT,FM,VK4RMK 2,OFF,100.0 Hz,023,1500 Hz,MID,OFF,5.0KHz,0,VK4RMK 2 - Mt Blackwood,0
328,147.12500,147.72500,0.6000,+RPT,FM,VK4RMM 2,OFF,100.0 Hz,023,1500 Hz,MID,OFF,5.0KHz,0,VK4RMM 2 - Stanthorpe,0
329,146.80000,146.20000,0.6000,-RPT,FM,VK4RMP 2,OFF,100.0 Hz,023,1500 Hz,MID,OFF,5.0KHz,0,VK4RMP 2 - Midge Point,0
330,147.27500,147.87500,0.6000,+RPT,FM,VK4RNL 2,OFF,100.0 Hz,023,1500 Hz,MID,OFF,5.0KHz,0,VK4RNL 2 - Doonan,0
331,146.65000,146.05000,0.6000,-RPT,FM,VK4ROM 2,OFF,100.0 Hz,023,1500 Hz,MID,OFF,5.0KHz,0,VK4ROM 2 - Grafton Range,0
332,146.75000,146.15000,0.6000,-RPT,FM,VK4RPU 2,OFF,100.0 Hz,023,1500 Hz,MID,OFF,5.0KHz,0,VK4RPU 2 - Mt Perry,0
333,146.92500,146.32500,0.6000,-RPT,FM,VK4RRC 2,OFF,100.0 Hz,023,1500 Hz,MID,OFF,5.0KHz,0,VK4RRC 2 - Wamuran,0
334,146.97500,146.37500,0.6000,-RPT,FM,VK4RRR 2,OFF,100.0 Hz,023,1500 Hz,MID,OFF,5.0KHz,0,VK4RRR 2 - Mt Seaview,0
335,146.67500,146.07500,0.6000,-RPT,FM,VK4RSA 2,OFF,100.0 Hz,023,1500 Hz,MID,OFF,5.0KHz,0,VK4RSA 2 - Sarina,0
336,146.85000,146.25000,0.6000,-RPT,FM,VK4RSC 2,TONE SQL,91.5 Hz,023,1500 Hz,MID,OFF,5.0KHz,0,VK4RSC 2 - Wilkes Knob,0
337,146.82500,146.22500,0.6000,-RPT,FM,VK4RSL 2,TONE SQL,91.5 Hz,023,1500 Hz,MID,OFF,5.0KHz,0,VK4RSL 2 - Noosa Heads,0
338,146.82500,146.22500,0.6000,-RPT,FM,VK4RSP 2,OFF,100.0 Hz,023,1500 Hz,MID,OFF,5.0KHz,0,VK4RSP 2 - Roddas Lookout,0
339,438.22500,433.22500,5.0000,-RPT,FM,VK4RAR 7,TONE SQL,91.5 Hz,023,1500 Hz,MID,OFF,5.0KHz,0,VK4RAR 7 - Mt Archer,0
340,438.22500,433.22500,5.0000,-RPT,FM,VK4RAT 7,TONE SQL,91.5 Hz,023,1500 Hz,MID,OFF,5.0KHz,0,VK4RAT 7 - Mt Stuart,0
341,439.90000,434.90000,5.0000,-RPT,FM,VK4RBK 7,OFF,100.0 Hz,023,1500 Hz,MID,OFF,5.0KHz,0,VK4RBK 7 - Tolga,0
342,439.30000,434.30000,5.0000,-RPT,FM,VK4RBM 7,OFF,100.0 Hz,023,1500 Hz,MID,OFF,5.0KHz,0,VK4RBM 7 - Blue Mtn,0
343,439.77500,434.77500,5.0000,-RPT,FM,VK4RBP 7,OFF,100.0 Hz,023,1500 Hz,MID,OFF,5.0KHz,0,VK4RBP 7 - Butchers Creek,0
344,439.92500,434.92500,5.0000,-RPT,FM,VK4RBPA7,OFF,100.0 Hz,023,1500 Hz,MID,OFF,5.0KHz,0,VK4RBPA7 - Butchers Creek,0
345,438.77500,433.77500,5.0000,-RPT,FM,VK4RBU 7,OFF,100.0 Hz,023,1500 Hz,MID,OFF,5.0KHz,0,VK4RBU 7 MtGoon Mt Goonaneman,0
346,439.77500,434.77500,5.0000,-RPT,FM,VK4RBW 7,OFF,100.0 Hz,023,1500 Hz,MID,OFF,5.0KHz,0,VK4RBW 7 BundaN Watalgan,0
347,439.85000,434.85000,5.0000,-RPT,FM,VK4RCA 7,OFF,100.0 Hz,023,1500 Hz,MID,OFF,5.0KHz,0,VK4RCA 7 - Cairns,0
348,439.87500,434.87500,5.0000,-RPT,FM,VK4RCQ 7,OFF,100.0 Hz,023,1500 Hz,MID,OFF,5.0KHz,0,VK4RCQ 7 - Banana Range,0
349,439.27500,434.27500,5.0000,-RPT,FM,VK4RDD 7,OFF,100.0 Hz,023,1500 Hz,MID,OFF,5.0KHz,0,VK4RDD 7 - O'Rourke's House,0
350,438.65000,433.65000,5.0000,-RPT,FM,VK4REG 7,TONE SQL,91.5 Hz,023,1500 Hz,MID,OFF,5.0KHz,0,VK4REG 7 - Mt Mowbullan,0
351,438.70000,433.70000,5.0000,-RPT,FM,VK4RET 7,TONE SQL,91.5 Hz,023,1500 Hz,MID,OFF,5.0KHz,0,VK4RET 7 - Mt Kiangarow,0
352,439.80000,434.80000,5.0000,-RPT,FM,VK4RGL 7,TONE SQL,91.5 Hz,023,1500 Hz,MID,OFF,5.0KHz,0,VK4RGL 7 - Lady Larcom,0
353,438.05000,433.05000,5.0000,-RPT,FM,VK4RGT 7,OFF,100.0 Hz,023,1500 Hz,MID,OFF,5.0KHz,0,VK4RGT 7 - Maurice Hill,0
354,439.95000,434.95000,5.0000,-RPT,FM,VK4RGY 7,OFF,100.0 Hz,023,1500 Hz,MID,OFF,5.0KHz,0,VK4RGY 7 Gympie Gympie,0
355,438.50000,433.50000,5.0000,-RPT,FM,VK4RHR 7,OFF,100.0 Hz,023,1500 Hz,MID,OFF,5.0KHz,0,VK4RHR 7 - Hodgson Range,0
356,439.37500,434.37500,5.0000,-RPT,FM,VK4RNL 7,OFF,100.0 Hz,023,1500 Hz,MID,OFF,5.0KHz,0,VK4RNL 7 - Doonan,0
357,438.75000,433.75000,5.0000,-RPT,FM,VK4RPU 7,OFF,100.0 Hz,023,1500 Hz,MID,OFF,5.0KHz,0,VK4RPU 7 - Mt Perry,0
358,438.32500,433.32500,5.0000,-RPT,FM,VK4RRC 7,TONE SQL,91.5 Hz,023,1500 Hz,MID,OFF,5.0KHz,0,VK4RRC 7 - Wamuran,0
359,439.62500,434.62500,5.0000,-RPT,FM,VK4RSA 7,OFF,100.0 Hz,023,1500 Hz,MID,OFF,5.0KHz,0,VK4RSA 7 - Sarina,0
360,438.07500,433.07500,5.0000,-RPT,FM,VK4RSC 7,TONE SQL,91.5 Hz,023,1500 Hz,MID,OFF,5.0KHz,0,VK4RSC 7 - Wilkes Knob,0
361,438.17500,433.17500,5.0000,-RPT,FM,VK4RSL 7,TONE SQL,91.5 Hz,023,1500 Hz,MID,OFF,5.0KHz,0,VK4RSL 7 - Noosa Heads,0
362,438.57500,433.57500,5.0000,-RPT,FM,VK4RSS 7,TONE SQL,91.5 Hz,023,1500 Hz,MID,OFF,5.0KHz,0,VK4RSS 7 - Ocean View,0
363,438.02500,433.02500,5.0000,-RPT,FM,VK4RTQ 7,TONE SQL,91.5 Hz,023,1500 Hz,MID,OFF,5.0KHz,0,VK4RTQ 7 - Mt Kynoch,0
364,438.67500,433.67500,5.0000,-RPT,FM,VK4RWS 7,TONE SQL,91.5 Hz,023,1500 Hz,MID,OFF,5.0KHz,0,VK4RWS 7 - Nebo,0
365,439.90000,434.90000,5.0000,-RPT,FM,VK4RXZ 7,OFF,100.0 Hz,023,1500 Hz,MID,OFF,5.0KHz,0,VK4RXZ 7 - Maleny,0
366,438.12500,433.12500,5.0000,-RPT,FM,VK4RZC 7,TONE SQL,91.5 Hz,023,1500 Hz,MID,OFF,5.0KHz,0,VK4RZC 7 - Wilkes Knob,0
367,438.05000,433.05000,5.0000,-RPT,FM,VK4RZD 7,TONE SQL,91.5 Hz,023,1500 Hz,MID,OFF,5.0KHz,0,VK4RZD 7 - Mt Perseverance,0
368,145.17500,145.17500,0.0000,OFF,FM,APRSAU A,OFF,100.0 Hz,023,1500 Hz,MID,OFF,5.0KHz,0,APRSAU APRSAU ,0
369,145.20000,145.20000,0.0000,OFF,FM,APRWIC W,OFF,100.0 Hz,023,1500 Hz,MID,OFF,5.0KHz,0,APRWIC Wicen ,0
370,145.82500,145.82500,0.0000,OFF,FM,APRISS A,OFF,100.0 Hz,023,1500 Hz,MID,OFF,5.0KHz,0,APRISS APRISS ,0
371,144.93000,144.93000,0.0000,OFF,FM,APRSAR A,OFF,100.0 Hz,023,1500 Hz,MID,OFF,5.0KHz,0,APRSAR APRSAR ,0
372,145.57500,145.57500,0.0000,OFF,FM,APRSBR A,OFF,100.0 Hz,023,1500 Hz,MID,OFF,5.0KHz,0,APRSBR APRSBR ,0
373,144.64000,144.64000,0.0000,OFF,FM,APRSCN A,OFF,100.0 Hz,023,1500 Hz,MID,OFF,5.0KHz,0,APRSCN APRSCN ,0
374,144.80000,144.80000,0.0000,OFF,FM,APRSCR A,OFF,100.0 Hz,023,1500 Hz,MID,OFF,5.0KHz,0,APRSCR APRSCR ,0
375,144.80000,144.80000,0.0000,OFF,FM,APRSEU A,OFF,100.0 Hz,023,1500 Hz,MID,OFF,5.0KHz,0,APRSEU APRSEU ,0
376,144.66000,144.66000,0.0000,OFF,FM,APRSJP A,OFF,100.0 Hz,023,1500 Hz,MID,OFF,5.0KHz,0,APRSJP APRSJP ,0
377,144.62000,144.62000,0.0000,OFF,FM,APRSKO A,OFF,100.0 Hz,023,1500 Hz,MID,OFF,5.0KHz,0,APRSKO APRSKO ,0
378,144.57500,144.57500,0.0000,OFF,FM,APRSNZ A,OFF,100.0 Hz,023,1500 Hz,MID,OFF,5.0KHz,0,APRSNZ APRSNZ ,0
379,144.52500,144.52500,0.0000,OFF,FM,APRSTH A,OFF,100.0 Hz,023,1500 Hz,MID,OFF,5.0KHz,0,APRSTH APRSTH ,0
380,144.39000,144.39000,0.0000,OFF,FM,APRSUS A,OFF,100.0 Hz,023,1500 Hz,MID,OFF,5.0KHz,0,APRSUS APRSUS ,0
381,145.01000,145.01000,0.0000,OFF,FM,APRSVE A,OFF,100.0 Hz,023,1500 Hz,MID,OFF,5.0KHz,0,APRSVE APRSVE ,0
382,432.71250,432.71250,0.0000,OFF,FM,S27125 S,OFF,100.0 Hz,023,1500 Hz,MID,OFF,5.0KHz,0,S27125 S27125 SYDROZ 4327125,0
383,147.02500,147.02500,0.0000,OFF,FM,S7025 S7,OFF,100.0 Hz,023,1500 Hz,MID,OFF,5.0KHz,0,S7025 S7025 Paddo 147025,0
384,147.62500,147.62500,0.0000,OFF,FM,S7625 S7,OFF,100.0 Hz,023,1500 Hz,MID,OFF,5.0KHz,0,S7625 S7625 Paddo 147625,0
385,438.11250,438.11250,0.0000,OFF,FM,S81125 S,OFF,100.0 Hz,023,1500 Hz,MID,OFF,5.0KHz,0,S81125 S81125 SYDROZ 4381125,0
386,433.80000,433.80000,0.0000,OFF,FM,W3800 W3,OFF,100.0 Hz,023,1500 Hz,MID,OFF,5.0KHz,0,W3800 W3800 Wicen,0
387,147.12500,147.12500,0.0000,OFF,FM,W7125 W7,OFF,100.0 Hz,023,1500 Hz,MID,OFF,5.0KHz,0,W7125 W7125 Wicen 7125 Out,0
388,147.15000,147.15000,0.0000,OFF,FM,W7150 W7,OFF,100.0 Hz,023,1500 Hz,MID,OFF,5.0KHz,0,W7150 W7150 Wicen 7150 Out,0
389,147.17500,147.17500,0.0000,OFF,FM,W7175 W7,OFF,100.0 Hz,023,1500 Hz,MID,OFF,5.0KHz,0,W7175 W7175 Wicen 7175 Out,0
390,147.50000,147.50000,0.0000,OFF,FM,W7500 W7,OFF,100.0 Hz,023,1500 Hz,MID,OFF,5.0KHz,0,W7500 W7750 Wicen Simp,0
391,147.72500,147.72500,0.0000,OFF,FM,W7725 W7,OFF,100.0 Hz,023,1500 Hz,MID,OFF,5.0KHz,0,W7725 W7725 Wicen 7125 Rev,0
392,147.75000,147.75000,0.0000,OFF,FM,W7750 W7,OFF,100.0 Hz,023,1500 Hz,MID,OFF,5.0KHz,0,W7750 W7750 Wicen 7150 Rev,0
393,147.77500,147.77500,0.0000,OFF,FM,W7775 W7,OFF,100.0 Hz,023,1500 Hz,MID,OFF,5.0KHz,0,W7775 W7775 Wicen 7175 Rev,0
394,438.27500,438.27500,0.0000,OFF,FM,W8275 W8,OFF,100.0 Hz,023,1500 Hz,MID,OFF,5.0KHz,0,W8275 W8275 Wicen,0
395,438.62500,438.62500,0.0000,OFF,FM,W8625 W8,OFF,100.0 Hz,023,1500 Hz,MID,OFF,5.0KHz,0,W8625 W8625 Wicen,0
396,438.80000,438.80000,0.0000,OFF,FM,W8800 W8,OFF,100.0 Hz,023,1500 Hz,MID,OFF,5.0KHz,0,W8800 W8800 Wicen,0
397,439.92500,439.92500,0.0000,OFF,FM,W9925 W9,OFF,100.0 Hz,023,1500 Hz,MID,OFF,5.0KHz,0,W9925 W9925 Wicen,0
398,439.97500,439.97500,0.0000,OFF,FM,W9975 W9,OFF,100.0 Hz,023,1500 Hz,MID,OFF,5.0KHz,0,W9975 W9975 Wicen,0
399,145.20000,145.20000,0.0000,OFF,FM,WicenPkt,OFF,100.0 Hz,023,1500 Hz,MID,OFF,5.0KHz,0,WicenPkt WICENP WICEN PKT,0
400,147.12500,147.72500,0.6000,+RPT,FM,VK1RWP 2,OFF,100.0 Hz,023,1500 Hz,MID,OFF,5.0KHz,0,VK1RWP 2 - portable,0
401,147.15000,147.75000,0.6000,+RPT,FM,VK1RWPA2,OFF,100.0 Hz,023,1500 Hz,MID,OFF,5.0KHz,0,VK1RWPA2 - portable,0
402,147.17500,147.77500,0.6000,+RPT,FM,VK1RWPB2,OFF,100.0 Hz,023,1500 Hz,MID,OFF,5.0KHz,0,VK1RWPB2 - portable,0
403,147.12500,147.72500,0.6000,+RPT,FM,VK2RAV 2,OFF,100.0 Hz,023,1500 Hz,MID,OFF,5.0KHz,0,VK2RAV 2 - portable,0
404,147.15000,147.75000,0.6000,+RPT,FM,VK2RAVA2,OFF,100.0 Hz,023,1500 Hz,MID,OFF,5.0KHz,0,VK2RAVA2 - portable,0
405,147.17500,147.77500,0.6000,+RPT,FM,VK2RAVB2,OFF,100.0 Hz,023,1500 Hz,MID,OFF,5.0KHz,0,VK2RAVB2 - portable,0
406,147.17500,147.77500,0.6000,+RPT,FM,VK2REP 2,OFF,100.0 Hz,023,1500 Hz,MID,OFF,5.0KHz,0,VK2REP 2 - portable,0
407,147.17500,147.77500,0.6000,+RPT,FM,VK2RFI 2,OFF,100.0 Hz,023,1500 Hz,MID,OFF,5.0KHz,0,VK2RFI 2 - portable,0
408,439.92500,434.92500,5.0000,-RPT,FM,VK1RWP 7,OFF,100.0 Hz,023,1500 Hz,MID,OFF,5.0KHz,0,VK1RWP 7 - portable,0
409,439.97500,434.97500,5.0000,-RPT,FM,VK1RWPA7,OFF,100.0 Hz,023,1500 Hz,MID,OFF,5.0KHz,0,VK1RWPA7 - portable,0
410,439.92500,434.92500,5.0000,-RPT,FM,VK2RAF 7,OFF,100.0 Hz,023,1500 Hz,MID,OFF,5.0KHz,0,VK2RAF 7 - portable,0
411,439.87500,434.87500,5.0000,-RPT,FM,VK2RAH 7,OFF,100.0 Hz,023,1500 Hz,MID,OFF,5.0KHz,0,VK2RAH 7 - portable,0
412,439.52500,434.52500,5.0000,-RPT,FM,VK2RAV 7,OFF,100.0 Hz,023,1500 Hz,MID,OFF,5.0KHz,0,VK2RAV 7 - portable,0
413,439.62500,434.62500,5.0000,-RPT,FM,VK2RFI 7,OFF,100.0 Hz,023,1500 Hz,MID,OFF,5.0KHz,0,VK2RFI 7 - portable,0
414,146.92500,146.32500,0.6000,-RPT,FM,VK3RPW 2,OFF,100.0 Hz,023,1500 Hz,MID,OFF,5.0KHz,0,VK3RPW 2 - portable,0
415,146.97500,146.37500,0.6000,-RPT,FM,VK3RSR 2,OFF,100.0 Hz,023,1500 Hz,MID,OFF,5.0KHz,0,VK3RSR 2 - portable,0
416,146.92500,146.32500,0.6000,-RPT,FM,VK3RWE 2,OFF,100.0 Hz,023,1500 Hz,MID,OFF,5.0KHz,0,VK3RWE 2 - portable,0
417,147.30000,147.90000,0.6000,+RPT,FM,VK3RWEA2,OFF,100.0 Hz,023,1500 Hz,MID,OFF,5.0KHz,0,VK3RWEA2 - portable,0
418,146.92500,146.32500,0.6000,-RPT,FM,VK3RWI 2,OFF,100.0 Hz,023,1500 Hz,MID,OFF,5.0KHz,0,VK3RWI 2 - portable,0
419,146.92500,146.32500,0.6000,-RPT,FM,VK3RWP 2,OFF,100.0 Hz,023,1500 Hz,MID,OFF,5.0KHz,0,VK3RWP 2 - portable,0
420,147.30000,147.90000,0.6000,+RPT,FM,VK3RWPA2,OFF,100.0 Hz,023,1500 Hz,MID,OFF,5.0KHz,0,VK3RWPA2 - portable,0
421,146.92500,146.32500,0.6000,-RPT,FM,VK3RWR 2,OFF,100.0 Hz,023,1500 Hz,MID,OFF,5.0KHz,0,VK3RWR 2 - portable,0
422,147.30000,147.90000,0.6000,+RPT,FM,VK3RWRA2,OFF,100.0 Hz,023,1500 Hz,MID,OFF,5.0KHz,0,VK3RWRA2 - portable,0
423,438.27500,433.27500,5.0000,-RPT,FM,VK3RPW 7,OFF,100.0 Hz,023,1500 Hz,MID,OFF,5.0KHz,0,VK3RPW 7 - portable,0
424,438.62500,433.62500,5.0000,-RPT,FM,VK3RPWA7,OFF,100.0 Hz,023,1500 Hz,MID,OFF,5.0KHz,0,VK3RPWA7 - portable,0
425,439.97500,434.97500,5.0000,-RPT,FM,VK3RSS 7,OFF,100.0 Hz,023,1500 Hz,MID,OFF,5.0KHz,0,VK3RSS 7 - portable,0
426,438.27500,433.27500,5.0000,-RPT,FM,VK3RWE 7,OFF,100.0 Hz,023,1500 Hz,MID,OFF,5.0KHz,0,VK3RWE 7 - portable,0
427,438.62500,433.62500,5.0000,-RPT,FM,VK3RWEA7,OFF,100.0 Hz,023,1500 Hz,MID,OFF,5.0KHz,0,VK3RWEA7 - portable,0
428,438.27500,433.27500,5.0000,-RPT,FM,VK3RWI 7,OFF,100.0 Hz,023,1500 Hz,MID,OFF,5.0KHz,0,VK3RWI 7 - portable,0
429,438.62500,433.62500,5.0000,-RPT,FM,VK3RWIA7,OFF,100.0 Hz,023,1500 Hz,MID,OFF,5.0KHz,0,VK3RWIA7 - portable,0
430,438.62500,433.62500,5.0000,-RPT,FM,VK3RWP 7,OFF,100.0 Hz,023,1500 Hz,MID,OFF,5.0KHz,0,VK3RWP 7 - portable,0
431,439.92500,434.92500,5.0000,-RPT,FM,VK3RWPA7,OFF,100.0 Hz,023,1500 Hz,MID,OFF,5.0KHz,0,VK3RWPA7 - portable,0
432,439.97500,434.97500,5.0000,-RPT,FM,VK3RWPB7,OFF,100.0 Hz,023,1500 Hz,MID,OFF,5.0KHz,0,VK3RWPB7 - portable,0
433,438.27500,433.27500,5.0000,-RPT,FM,VK3RWR 7,OFF,100.0 Hz,023,1500 Hz,MID,OFF,5.0KHz,0,VK3RWR 7 - portable,0
434,438.62500,433.62500,5.0000,-RPT,FM,VK3RWRA7,OFF,100.0 Hz,023,1500 Hz,MID,OFF,5.0KHz,0,VK3RWRA7 - portable,0
435,147.15000,147.75000,0.6000,+RPT,FM,VK4RWI 2,OFF,100.0 Hz,023,1500 Hz,MID,OFF,5.0KHz,0,VK4RWI 2 - portable,0
436,438.62500,433.62500,5.0000,-RPT,FM,VK4RWI 7,OFF,100.0 Hz,023,1500 Hz,MID,OFF,5.0KHz,0,VK4RWI 7 - portable,0
437,441.12500,441.12500,0.0000,OFF,FM,DV4Min 4,OFF,100.0 Hz,023,1500 Hz,MID,OFF,5.0KHz,0,DV4Min 4 DV4C4F Sydney,0
438,441.07500,441.07500,0.0000,OFF,FM,VK2PSF 4,OFF,100.0 Hz,023,1500 Hz,MID,OFF,5.0KHz,0,VK2PSF 4 HRI200 Sydney,0
439,,,,,,,,,,,,,,0,,0
440,,,,,,,,,,,,,,0,,0
441,,,,,,,,,,,,,,0,,0
442,,,,,,,,,,,,,,0,,0
443,,,,,,,,,,,,,,0,,0
444,,,,,,,,,,,,,,0,,0
445,,,,,,,,,,,,,,0,,0
446,,,,,,,,,,,,,,0,,0
447,,,,,,,,,,,,,,0,,0
448,,,,,,,,,,,,,,0,,0
449,,,,,,,,,,,,,,0,,0
450,,,,,,,,,,,,,,0,,0
451,,,,,,,,,,,,,,0,,0
452,,,,,,,,,,,,,,0,,0
453,,,,,,,,,,,,,,0,,0
454,,,,,,,,,,,,,,0,,0
455,,,,,,,,,,,,,,0,,0
456,,,,,,,,,,,,,,0,,0
457,,,,,,,,,,,,,,0,,0
458,,,,,,,,,,,,,,0,,0
459,,,,,,,,,,,,,,0,,0
460,,,,,,,,,,,,,,0,,0
461,,,,,,,,,,,,,,0,,0
462,,,,,,,,,,,,,,0,,0
463,,,,,,,,,,,,,,0,,0
464,,,,,,,,,,,,,,0,,0
465,,,,,,,,,,,,,,0,,0
466,,,,,,,,,,,,,,0,,0
467,,,,,,,,,,,,,,0,,0
468,,,,,,,,,,,,,,0,,0
469,,,,,,,,,,,,,,0,,0
470,,,,,,,,,,,,,,0,,0
471,,,,,,,,,,,,,,0,,0
472,,,,,,,,,,,,,,0,,0
473,,,,,,,,,,,,,,0,,0
474,,,,,,,,,,,,,,0,,0
475,,,,,,,,,,,,,,0,,0
476,,,,,,,,,,,,,,0,,0
477,,,,,,,,,,,,,,0,,0
478,,,,,,,,,,,,,,0,,0
479,,,,,,,,,,,,,,0,,0
480,,,,,,,,,,,,,,0,,0
481,,,,,,,,,,,,,,0,,0
482,,,,,,,,,,,,,,0,,0
483,,,,,,,,,,,,,,0,,0
484,,,,,,,,,,,,,,0,,0
485,,,,,,,,,,,,,,0,,0
486,,,,,,,,,,,,,,0,,0
487,,,,,,,,,,,,,,0,,0
488,,,,,,,,,,,,,,0,,0
489,,,,,,,,,,,,,,0,,0
490,,,,,,,,,,,,,,0,,0
491,,,,,,,,,,,,,,0,,0
492,,,,,,,,,,,,,,0,,0
493,,,,,,,,,,,,,,0,,0
494,,,,,,,,,,,,,,0,,0
495,,,,,,,,,,,,,,0,,0
496,,,,,,,,,,,,,,0,,0
497,,,,,,,,,,,,,,0,,0
498,,,,,,,,,,,,,,0,,0
499,,,,,,,,,,,,,,0,,0
500,,,,,,,,,,,,,,0,,0
